comp_LIA-lin/chc-LIA-Lin_007.smt2, 0.021094966679811478, valid, 1
comp_LIA-lin/chc-LIA-Lin_035.smt2, 180, fail, 0
comp_LIA-lin/chc-LIA-Lin_045.smt2, 180, fail, 0
comp_LIA-lin/chc-LIA-Lin_033.smt2, 180, fail, 0
comp_LIA-lin/chc-LIA-Lin_011.smt2, 0.035853780806064606, valid, 1
comp_LIA-lin/chc-LIA-Lin_003.smt2, 0.4060027338564396, valid, 1
comp_LIA-lin/chc-LIA-Lin_031.smt2, 180, fail, 0
comp_LIA-lin/chc-LIA-Lin_034.smt2, 180, fail, 0
comp_LIA-lin/chc-LIA-Lin_029.smt2, 180, fail, 0
comp_LIA-lin/chc-LIA-Lin_041.smt2, 180, fail, 0
comp_LIA-lin/chc-LIA-Lin_042.smt2, 180, fail, 0
comp_LIA-lin/chc-LIA-Lin_049.smt2, 180, fail, 0
comp_LIA-lin/chc-LIA-Lin_027.smt2, 0.023696810007095337, invalid, 0
comp_LIA-lin/chc-LIA-Lin_046.smt2, 180, fail, 0
comp_LIA-lin/chc-LIA-Lin_025.smt2, 0.023795099928975105, invalid, 0
comp_LIA-lin/chc-LIA-Lin_282.smt2, 0.01452932134270668, valid, 1
comp_LIA-lin/chc-LIA-Lin_023.smt2, 0.031233469024300575, invalid, 0
comp_LIA-lin/chc-LIA-Lin_283.smt2, 0.013819750398397446, valid, 1
comp_LIA-lin/chc-LIA-Lin_263.smt2, 180, fail, 0
comp_LIA-lin/chc-LIA-Lin_040.smt2, 180, fail, 0
comp_LIA-lin/chc-LIA-Lin_010.smt2, 0.04099862650036812, valid, 1
comp_LIA-lin/chc-LIA-Lin_044.smt2, 180, fail, 0
comp_LIA-lin/chc-LIA-Lin_043.smt2, 180, fail, 0
comp_LIA-lin/chc-LIA-Lin_028.smt2, 180, fail, 0
comp_LIA-lin/chc-LIA-Lin_051.smt2, 180, fail, 0
comp_LIA-lin/chc-LIA-Lin_050.smt2, 180, fail, 0
comp_LIA-lin/chc-LIA-Lin_039.smt2, 180, fail, 0
comp_LIA-lin/chc-LIA-Lin_038.smt2, 180, fail, 0
comp_LIA-lin/chc-LIA-Lin_019.smt2, 0.06356707215309143, valid, 1
comp_LIA-lin/chc-LIA-Lin_030.smt2, 180, fail, 0
comp_LIA-lin/chc-LIA-Lin_048.smt2, 180, fail, 0
comp_LIA-lin/chc-LIA-Lin_287.smt2, 0.022435061633586884, valid, 1
comp_LIA-lin/chc-LIA-Lin_036.smt2, 180, fail, 0
comp_LIA-lin/chc-LIA-Lin_026.smt2, 180, fail, 0
comp_LIA-lin/chc-LIA-Lin_047.smt2, 180, fail, 0
comp_LIA-lin/chc-LIA-Lin_265.smt2, 180, fail, 0
comp_LIA-lin/chc-LIA-Lin_022.smt2, 0.3000424299389124, invalid, 0
comp_LIA-lin/chc-LIA-Lin_243.smt2, 1.0207948964089155, valid, 1
comp_LIA-lin/chc-LIA-Lin_037.smt2, 180, fail, 0
comp_LIA-lin/chc-LIA-Lin_246.smt2, 0.02617107331752777, valid, 1
comp_LIA-lin/chc-LIA-Lin_032.smt2, 180, fail, 0
comp_LIA-lin/chc-LIA-Lin_261.smt2, 22.324186224490404, fail, 0
comp_LIA-lin/chc-LIA-Lin_264.smt2, 66.67592124268413, valid, 1
comp_LIA-lin/chc-LIA-Lin_248.smt2, 0.09186914935708046, valid, 1
comp_LIA-lin/chc-LIA-Lin_250.smt2, 0.03750039450824261, valid, 1
comp_LIA-lin/chc-LIA-Lin_249.smt2, 0.06643307767808437, valid, 1
comp_LIA-lin/chc-LIA-Lin_000.smt2, 5.42536755092442, valid, 1
comp_LIA-lin/chc-LIA-Lin_244.smt2, 0.030796244740486145, valid, 1
comp_LIA-lin/chc-LIA-Lin_241.smt2, 0.053983498364686966, valid, 1
comp_LIA-lin/chc-LIA-Lin_242.smt2, 180, fail, 0
comp_LIA-lin/chc-LIA-Lin_253.smt2, 180, fail, 0
comp_LIA-lin/chc-LIA-Lin_255.smt2, 63.08987762965262, valid, 1
comp_LIA-lin/chc-LIA-Lin_012.smt2, 0.5056489277631044, valid, 1
comp_LIA-lin/chc-LIA-Lin_024.smt2, 180, fail, 0
comp_LIA-lin/chc-LIA-Lin_259.smt2, 180, fail, 0
comp_LIA-lin/chc-LIA-Lin_266.smt2, 180, fail, 0
comp_LIA-lin/chc-LIA-Lin_251.smt2, 0.11128353141248226, valid, 1
comp_LIA-lin/chc-LIA-Lin_269.smt2, 4.1961529068648815, valid, 1
comp_LIA-lin/chc-LIA-Lin_252.smt2, 180, fail, 0
comp_LIA-lin/chc-LIA-Lin_258.smt2, 180, fail, 0
comp_LIA-lin/chc-LIA-Lin_111.smt2, 180, fail, 0
comp_LIA-lin/chc-LIA-Lin_268.smt2, 180, fail, 0
comp_LIA-lin/chc-LIA-Lin_093.smt2, 0.06522025540471077, invalid, 0
comp_LIA-lin/chc-LIA-Lin_256.smt2, 116.9740482326597, valid, 1
comp_LIA-lin/chc-LIA-Lin_262.smt2, 50.642804604023695, valid, 1
comp_LIA-lin/chc-LIA-Lin_257.smt2, 180, fail, 0
comp_LIA-lin/chc-LIA-Lin_015.smt2, 180, fail, 0
comp_LIA-lin/chc-LIA-Lin_245.smt2, 0.26198050007224083, valid, 1
comp_LIA-lin/chc-LIA-Lin_149.smt2, 180, fail, 0
comp_LIA-lin/chc-LIA-Lin_108.smt2, 0.03717386908829212, valid, 1
comp_LIA-lin/chc-LIA-Lin_247.smt2, 0.10941101238131523, valid, 1
comp_LIA-lin/chc-LIA-Lin_106.smt2, 0.0371942725032568, valid, 1
comp_LIA-lin/chc-LIA-Lin_005.smt2, 0.050272123888134956, valid, 1
comp_LIA-lin/chc-LIA-Lin_270.smt2, 180, fail, 0
comp_LIA-lin/chc-LIA-Lin_018.smt2, 0.29783220775425434, valid, 1
comp_LIA-lin/chc-LIA-Lin_260.smt2, 180, fail, 0
comp_LIA-lin/chc-LIA-Lin_267.smt2, 9.64633816294372, valid, 1
comp_LIA-lin/chc-LIA-Lin_013.smt2, 180, fail, 0
comp_LIA-lin/chc-LIA-Lin_254.smt2, 180, fail, 0
comp_LIA-lin/chc-LIA-Lin_398.smt2, 0.01508224755525589, valid, 1
comp_LIA-lin/chc-LIA-Lin_284.smt2, 0.014652267098426819, valid, 1
comp_LIA-lin/chc-LIA-Lin_002.smt2, 0.09903094358742237, valid, 1
comp_LIA-lin/chc-LIA-Lin_008.smt2, 0.12639696709811687, valid, 1
comp_LIA-lin/chc-LIA-Lin_020.smt2, 0.36432051472365856, valid, 1
comp_LIA-lin/chc-LIA-Lin_195.smt2, 180, fail, 0
comp_LIA-lin/chc-LIA-Lin_021.smt2, 0.8348738849163055, valid, 1
comp_LIA-lin/chc-LIA-Lin_016.smt2, 180, fail, 0
comp_LIA-lin/chc-LIA-Lin_017.smt2, 1.900941889733076, valid, 1
comp_LIA-lin/chc-LIA-Lin_273.smt2, 0.03259335830807686, valid, 1
comp_LIA-lin/chc-LIA-Lin_109.smt2, 0.02570107951760292, valid, 1
comp_LIA-lin/chc-LIA-Lin_001.smt2, 0.7277889642864466, valid, 1
comp_LIA-lin/chc-LIA-Lin_014.smt2, 180, fail, 0
comp_LIA-lin/chc-LIA-Lin_006.smt2, 0.28643879666924477, valid, 1
comp_LIA-lin/chc-LIA-Lin_271.smt2, 0.060376401990652084, valid, 1
comp_LIA-lin/chc-LIA-Lin_275.smt2, 0.032180048525333405, valid, 1
comp_LIA-lin/chc-LIA-Lin_285.smt2, 0.02366839535534382, valid, 1
comp_LIA-lin/chc-LIA-Lin_112.smt2, 180, fail, 0
comp_LIA-lin/chc-LIA-Lin_004.smt2, 1.4764870144426823, valid, 1
comp_LIA-lin/chc-LIA-Lin_079.smt2, 0.5118757672607899, valid, 1
comp_LIA-lin/chc-LIA-Lin_326.smt2, 0.03420952893793583, valid, 1
comp_LIA-lin/chc-LIA-Lin_077.smt2, 0.32358077354729176, valid, 1
comp_LIA-lin/chc-LIA-Lin_076.smt2, 0.1332809254527092, valid, 1
comp_LIA-lin/chc-LIA-Lin_075.smt2, 0.20835246331989765, valid, 1
comp_LIA-lin/chc-LIA-Lin_061.smt2, 0.09245856665074825, valid, 1
comp_LIA-lin/chc-LIA-Lin_234.smt2, 180, fail, 0
comp_LIA-lin/chc-LIA-Lin_101.smt2, 7.483771244063973, invalid, 0
comp_LIA-lin/chc-LIA-Lin_107.smt2, 0.8007353562861681, valid, 1
comp_LIA-lin/chc-LIA-Lin_228.smt2, 180, fail, 0
comp_LIA-lin/chc-LIA-Lin_401.smt2, 0.022840719670057297, invalid, 0
comp_LIA-lin/chc-LIA-Lin_083.smt2, 180, fail, 0
comp_LIA-lin/chc-LIA-Lin_069.smt2, 0.05483652092516422, invalid, 0
comp_LIA-lin/chc-LIA-Lin_085.smt2, 180, fail, 0
comp_LIA-lin/chc-LIA-Lin_082.smt2, 180, fail, 0
comp_LIA-lin/chc-LIA-Lin_156.smt2, 0.2864735461771488, valid, 1
comp_LIA-lin/chc-LIA-Lin_059.smt2, 0.02800445444881916, invalid, 0
comp_LIA-lin/chc-LIA-Lin_071.smt2, 0.03735049068927765, invalid, 0
comp_LIA-lin/chc-LIA-Lin_276.smt2, 0.06845385394990444, valid, 1
comp_LIA-lin/chc-LIA-Lin_009.smt2, 1.4958184454590082, valid, 1
comp_LIA-lin/chc-LIA-Lin_058.smt2, 0.13784809596836567, invalid, 0
comp_LIA-lin/chc-LIA-Lin_060.smt2, 0.02184533327817917, valid, 1
comp_LIA-lin/chc-LIA-Lin_178.smt2, 0.5509592164307833, valid, 1
comp_LIA-lin/chc-LIA-Lin_057.smt2, 0.033033329993486404, invalid, 0
comp_LIA-lin/chc-LIA-Lin_052.smt2, 27.824802219867706, invalid, 0
comp_LIA-lin/chc-LIA-Lin_277.smt2, 0.49731969088315964, valid, 1
comp_LIA-lin/chc-LIA-Lin_064.smt2, 180, fail, 0
comp_LIA-lin/chc-LIA-Lin_176.smt2, 3.1714146118611097, valid, 1
comp_LIA-lin/chc-LIA-Lin_072.smt2, 0.042597074061632156, invalid, 0
comp_LIA-lin/chc-LIA-Lin_053.smt2, 0.03940821997821331, valid, 1
comp_LIA-lin/chc-LIA-Lin_074.smt2, 0.07331827655434608, valid, 1
comp_LIA-lin/chc-LIA-Lin_281.smt2, 0.961118720471859, valid, 1
comp_LIA-lin/chc-LIA-Lin_163.smt2, 0.031204869970679283, invalid, 0
comp_LIA-lin/chc-LIA-Lin_056.smt2, 0.042258067056536674, valid, 1
comp_LIA-lin/chc-LIA-Lin_081.smt2, 180, fail, 0
comp_LIA-lin/chc-LIA-Lin_352.smt2, 180, fail, 0
comp_LIA-lin/chc-LIA-Lin_065.smt2, 0.07210467383265495, valid, 1
comp_LIA-lin/chc-LIA-Lin_286.smt2, 0.06865880638360977, valid, 1
comp_LIA-lin/chc-LIA-Lin_274.smt2, 0.05019436404109001, valid, 1
comp_LIA-lin/chc-LIA-Lin_187.smt2, 180, fail, 0
comp_LIA-lin/chc-LIA-Lin_070.smt2, 0.16599247977137566, valid, 1
comp_LIA-lin/chc-LIA-Lin_386.smt2, 0.01712019555270672, valid, 1
comp_LIA-lin/chc-LIA-Lin_370.smt2, 180, fail, 0
comp_LIA-lin/chc-LIA-Lin_183.smt2, 1.7568819001317024, valid, 1
comp_LIA-lin/chc-LIA-Lin_172.smt2, 1.5908708926290274, valid, 1
comp_LIA-lin/chc-LIA-Lin_185.smt2, 12.627182764932513, valid, 1
comp_LIA-lin/chc-LIA-Lin_202.smt2, 3.2423202842473984, valid, 1
comp_LIA-lin/chc-LIA-Lin_216.smt2, 10.238772364333272, valid, 1
comp_LIA-lin/chc-LIA-Lin_272.smt2, 0.8022305369377136, valid, 1
comp_LIA-lin/chc-LIA-Lin_348.smt2, 180, fail, 0
comp_LIA-lin/chc-LIA-Lin_084.smt2, 3.002963475883007, valid, 1
comp_LIA-lin/chc-LIA-Lin_391.smt2, 0.018570251762866974, valid, 1
comp_LIA-lin/chc-LIA-Lin_399.smt2, 0.018979545682668686, valid, 1
comp_LIA-lin/chc-LIA-Lin_393.smt2, 0.018881890922784805, valid, 1
comp_LIA-lin/chc-LIA-Lin_055.smt2, 0.027035027742385864, invalid, 0
comp_LIA-lin/chc-LIA-Lin_340.smt2, 180, fail, 0
comp_LIA-lin/chc-LIA-Lin_180.smt2, 1.0288403443992138, valid, 1
comp_LIA-lin/chc-LIA-Lin_193.smt2, 180, fail, 0
comp_LIA-lin/chc-LIA-Lin_054.smt2, 0.04747624881565571, valid, 1
comp_LIA-lin/chc-LIA-Lin_233.smt2, 5.719694858416915, valid, 1
comp_LIA-lin/chc-LIA-Lin_280.smt2, 42.875485580414534, valid, 1
comp_LIA-lin/chc-LIA-Lin_279.smt2, 8.467905808240175, valid, 1
comp_LIA-lin/chc-LIA-Lin_068.smt2, 0.035855378955602646, valid, 1
comp_LIA-lin/chc-LIA-Lin_278.smt2, 2.1446198374032974, valid, 1
comp_LIA-lin/chc-LIA-Lin_306.smt2, 0.40615925192832947, valid, 1
comp_LIA-lin/chc-LIA-Lin_089.smt2, 180, fail, 0
comp_LIA-lin/chc-LIA-Lin_154.smt2, 0.6136904265731573, valid, 1
comp_LIA-lin/chc-LIA-Lin_090.smt2, 180, fail, 0
comp_LIA-lin/chc-LIA-Lin_157.smt2, 0.0244655292481184, valid, 1
comp_LIA-lin/chc-LIA-Lin_164.smt2, 0.04946466535329819, valid, 1
comp_LIA-lin/chc-LIA-Lin_113.smt2, 180, fail, 0
comp_LIA-lin/chc-LIA-Lin_313.smt2, 0.16775942593812943, valid, 1
comp_LIA-lin/chc-LIA-Lin_166.smt2, 0.025152070447802544, valid, 1
comp_LIA-lin/chc-LIA-Lin_190.smt2, 0.868365814909339, valid, 1
comp_LIA-lin/chc-LIA-Lin_360.smt2, 180, fail, 0
comp_LIA-lin/chc-LIA-Lin_063.smt2, 180, fail, 0
comp_LIA-lin/chc-LIA-Lin_170.smt2, 0.9773182030767202, valid, 1
comp_LIA-lin/chc-LIA-Lin_206.smt2, 0.9405975192785263, valid, 1
comp_LIA-lin/chc-LIA-Lin_223.smt2, 80.10003715381026, valid, 1
comp_LIA-lin/chc-LIA-Lin_201.smt2, 3.2207638025283813, valid, 1
comp_LIA-lin/chc-LIA-Lin_092.smt2, 0.029143868014216423, valid, 1
comp_LIA-lin/chc-LIA-Lin_220.smt2, 72.6586940921843, valid, 1
comp_LIA-lin/chc-LIA-Lin_078.smt2, 0.06714176386594772, valid, 1
comp_LIA-lin/chc-LIA-Lin_194.smt2, 180, fail, 0
comp_LIA-lin/chc-LIA-Lin_221.smt2, 180, fail, 0
comp_LIA-lin/chc-LIA-Lin_314.smt2, 0.7073917742818594, valid, 1
comp_LIA-lin/chc-LIA-Lin_239.smt2, 180, fail, 0
comp_LIA-lin/chc-LIA-Lin_161.smt2, 0.10023531131446362, invalid, 0
comp_LIA-lin/chc-LIA-Lin_375.smt2, 180, fail, 0
comp_LIA-lin/chc-LIA-Lin_288.smt2, 0.016578884795308113, valid, 1
comp_LIA-lin/chc-LIA-Lin_225.smt2, 30.107576239854097, valid, 1
comp_LIA-lin/chc-LIA-Lin_188.smt2, 180, fail, 0
comp_LIA-lin/chc-LIA-Lin_088.smt2, 180, fail, 0
comp_LIA-lin/chc-LIA-Lin_086.smt2, 180, fail, 0
comp_LIA-lin/chc-LIA-Lin_155.smt2, 180, fail, 0
comp_LIA-lin/chc-LIA-Lin_159.smt2, 180, fail, 0
comp_LIA-lin/chc-LIA-Lin_289.smt2, 0.022766485810279846, invalid, 0
comp_LIA-lin/chc-LIA-Lin_290.smt2, 0.019876161590218544, valid, 1
comp_LIA-lin/chc-LIA-Lin_293.smt2, 0.019675686955451965, valid, 1
comp_LIA-lin/chc-LIA-Lin_207.smt2, 39.913952922448516, valid, 1
comp_LIA-lin/chc-LIA-Lin_073.smt2, 0.040916433557868004, valid, 1
comp_LIA-lin/chc-LIA-Lin_165.smt2, 0.027216756716370583, valid, 1
comp_LIA-lin/chc-LIA-Lin_217.smt2, 44.39166431501508, valid, 1
comp_LIA-lin/chc-LIA-Lin_151.smt2, 0.05092521943151951, valid, 1
comp_LIA-lin/chc-LIA-Lin_175.smt2, 0.7120956592261791, valid, 1
comp_LIA-lin/chc-LIA-Lin_191.smt2, 12.738035874441266, valid, 1
comp_LIA-lin/chc-LIA-Lin_192.smt2, 34.30329296924174, valid, 1
comp_LIA-lin/chc-LIA-Lin_174.smt2, 6.632652075961232, valid, 1
comp_LIA-lin/chc-LIA-Lin_197.smt2, 9.625566747039557, valid, 1
comp_LIA-lin/chc-LIA-Lin_105.smt2, 1.3001626692712307, valid, 1
comp_LIA-lin/chc-LIA-Lin_160.smt2, 0.07248953357338905, invalid, 0
comp_LIA-lin/chc-LIA-Lin_162.smt2, 0.10980423539876938, invalid, 0
comp_LIA-lin/chc-LIA-Lin_218.smt2, 145.4894045367837, valid, 1
comp_LIA-lin/chc-LIA-Lin_232.smt2, 16.37689913623035, valid, 1
comp_LIA-lin/chc-LIA-Lin_198.smt2, 180, fail, 0
comp_LIA-lin/chc-LIA-Lin_215.smt2, 180, fail, 0
comp_LIA-lin/chc-LIA-Lin_062.smt2, 94.93738696165383, fail, 0
comp_LIA-lin/chc-LIA-Lin_169.smt2, 4.544930662959814, valid, 1
comp_LIA-lin/chc-LIA-Lin_384.smt2, 0.03075341507792473, valid, 1
comp_LIA-lin/chc-LIA-Lin_189.smt2, 104.3239689283073, valid, 1
comp_LIA-lin/chc-LIA-Lin_300.smt2, 0.09325540438294411, invalid, 0
comp_LIA-lin/chc-LIA-Lin_397.smt2, 0.022926155477762222, valid, 1
comp_LIA-lin/chc-LIA-Lin_096.smt2, 0.49816893972456455, valid, 1
comp_LIA-lin/chc-LIA-Lin_211.smt2, 180, fail, 0
comp_LIA-lin/chc-LIA-Lin_066.smt2, 0.08851711265742779, valid, 1
comp_LIA-lin/chc-LIA-Lin_226.smt2, 13.736109485849738, valid, 1
comp_LIA-lin/chc-LIA-Lin_177.smt2, 0.9566532336175442, valid, 1
comp_LIA-lin/chc-LIA-Lin_153.smt2, 0.03529554605484009, valid, 1
comp_LIA-lin/chc-LIA-Lin_179.smt2, 1.7716467920690775, valid, 1
comp_LIA-lin/chc-LIA-Lin_158.smt2, 0.5239762254059315, valid, 1
comp_LIA-lin/chc-LIA-Lin_219.smt2, 15.605507848784328, valid, 1
comp_LIA-lin/chc-LIA-Lin_303.smt2, 0.03859228268265724, valid, 1
comp_LIA-lin/chc-LIA-Lin_152.smt2, 0.0501913707703352, invalid, 0
comp_LIA-lin/chc-LIA-Lin_222.smt2, 36.873265124857426, valid, 1
comp_LIA-lin/chc-LIA-Lin_292.smt2, 0.026136893779039383, invalid, 0
comp_LIA-lin/chc-LIA-Lin_390.smt2, 0.054409272968769073, valid, 1
comp_LIA-lin/chc-LIA-Lin_203.smt2, 74.4900449514389, valid, 1
comp_LIA-lin/chc-LIA-Lin_301.smt2, 0.047057561576366425, valid, 1
comp_LIA-lin/chc-LIA-Lin_291.smt2, 0.020919812843203545, valid, 1
comp_LIA-lin/chc-LIA-Lin_295.smt2, 4.800224967300892, invalid, 0
comp_LIA-lin/chc-LIA-Lin_394.smt2, 0.024744469672441483, valid, 1
comp_LIA-lin/chc-LIA-Lin_299.smt2, 0.04885468818247318, valid, 1
comp_LIA-lin/chc-LIA-Lin_167.smt2, 0.07209283858537674, valid, 1
comp_LIA-lin/chc-LIA-Lin_212.smt2, 19.18987277522683, valid, 1
comp_LIA-lin/chc-LIA-Lin_209.smt2, 111.22667675837874, valid, 1
comp_LIA-lin/chc-LIA-Lin_311.smt2, 0.056684305891394615, valid, 1
comp_LIA-lin/chc-LIA-Lin_182.smt2, 4.644716242328286, valid, 1
comp_LIA-lin/chc-LIA-Lin_199.smt2, 9.613397190347314, valid, 1
comp_LIA-lin/chc-LIA-Lin_173.smt2, 3.556393252685666, valid, 1
comp_LIA-lin/chc-LIA-Lin_186.smt2, 2.570509349927306, valid, 1
comp_LIA-lin/chc-LIA-Lin_213.smt2, 9.331787958741188, valid, 1
comp_LIA-lin/chc-LIA-Lin_230.smt2, 5.95850083231926, valid, 1
comp_LIA-lin/chc-LIA-Lin_171.smt2, 1.999391658231616, valid, 1
comp_LIA-lin/chc-LIA-Lin_227.smt2, 3.5262337308377028, valid, 1
comp_LIA-lin/chc-LIA-Lin_181.smt2, 9.236339895054698, valid, 1
comp_LIA-lin/chc-LIA-Lin_208.smt2, 34.89149631559849, valid, 1
comp_LIA-lin/chc-LIA-Lin_236.smt2, 4.132693620398641, valid, 1
comp_LIA-lin/chc-LIA-Lin_184.smt2, 1.0638579539954662, valid, 1
comp_LIA-lin/chc-LIA-Lin_168.smt2, 0.08142870105803013, valid, 1
comp_LIA-lin/chc-LIA-Lin_240.smt2, 11.502357149496675, valid, 1
comp_LIA-lin/chc-LIA-Lin_067.smt2, 1.0183985233306885, valid, 1
comp_LIA-lin/chc-LIA-Lin_308.smt2, 0.20896218717098236, invalid, 0
comp_LIA-lin/chc-LIA-Lin_328.smt2, 1.743549682199955, invalid, 0
comp_LIA-lin/chc-LIA-Lin_205.smt2, 180, fail, 0
comp_LIA-lin/chc-LIA-Lin_294.smt2, 0.9041094928979874, invalid, 0
comp_LIA-lin/chc-LIA-Lin_402.smt2, 0.1812511309981346, valid, 1
comp_LIA-lin/chc-LIA-Lin_104.smt2, 1.924728736281395, valid, 1
comp_LIA-lin/chc-LIA-Lin_238.smt2, 29.34645491465926, valid, 1
comp_LIA-lin/chc-LIA-Lin_204.smt2, 52.72995829209685, valid, 1
comp_LIA-lin/chc-LIA-Lin_237.smt2, 180, fail, 0
comp_LIA-lin/chc-LIA-Lin_214.smt2, 180, fail, 0
comp_LIA-lin/chc-LIA-Lin_200.smt2, 126.626464728266, valid, 1
comp_LIA-lin/chc-LIA-Lin_196.smt2, 180, fail, 0
comp_LIA-lin/chc-LIA-Lin_377.smt2, 180, fail, 0
comp_LIA-lin/chc-LIA-Lin_305.smt2, 0.24688547290861607, invalid, 0
comp_LIA-lin/chc-LIA-Lin_087.smt2, 0.9540435560047626, valid, 1
comp_LIA-lin/chc-LIA-Lin_231.smt2, 180, fail, 0
comp_LIA-lin/chc-LIA-Lin_103.smt2, 2.464843939989805, valid, 1
comp_LIA-lin/chc-LIA-Lin_224.smt2, 178.91311702877283, valid, 1
comp_LIA-lin/chc-LIA-Lin_094.smt2, 0.13489041291177273, valid, 1
comp_LIA-lin/chc-LIA-Lin_235.smt2, 25.347269542515278, valid, 1
comp_LIA-lin/chc-LIA-Lin_329.smt2, 180, fail, 0
comp_LIA-lin/chc-LIA-Lin_312.smt2, 180, fail, 0
comp_LIA-lin/chc-LIA-Lin_396.smt2, 0.03412100300192833, valid, 1
comp_LIA-lin/chc-LIA-Lin_389.smt2, 0.03816104680299759, valid, 1
comp_LIA-lin/chc-LIA-Lin_304.smt2, 0.11022246070206165, valid, 1
comp_LIA-lin/chc-LIA-Lin_379.smt2, 180, fail, 0
comp_LIA-lin/chc-LIA-Lin_210.smt2, 180, fail, 0
comp_LIA-lin/chc-LIA-Lin_322.smt2, 4.040933711454272, invalid, 0
comp_LIA-lin/chc-LIA-Lin_298.smt2, 0.7459145504981279, invalid, 0
comp_LIA-lin/chc-LIA-Lin_395.smt2, 0.055444302037358284, valid, 1
comp_LIA-lin/chc-LIA-Lin_411.smt2, 0.16803677938878536, valid, 1
comp_LIA-lin/chc-LIA-Lin_307.smt2, 0.47527565993368626, valid, 1
comp_LIA-lin/chc-LIA-Lin_080.smt2, 180, fail, 0
comp_LIA-lin/chc-LIA-Lin_316.smt2, 2.2641567643731833, valid, 1
comp_LIA-lin/chc-LIA-Lin_320.smt2, 2.119047971442342, valid, 1
comp_LIA-lin/chc-LIA-Lin_325.smt2, 4.071217147633433, valid, 1
comp_LIA-lin/chc-LIA-Lin_350.smt2, 180, fail, 0
comp_LIA-lin/chc-LIA-Lin_392.smt2, 0.06440155021846294, valid, 1
comp_LIA-lin/chc-LIA-Lin_388.smt2, 0.06874801777303219, valid, 1
comp_LIA-lin/chc-LIA-Lin_310.smt2, 0.17609838768839836, valid, 1
comp_LIA-lin/chc-LIA-Lin_321.smt2, 180, fail, 0
comp_LIA-lin/chc-LIA-Lin_296.smt2, 0.2160007208585739, valid, 1
comp_LIA-lin/chc-LIA-Lin_327.smt2, 3.110793011263013, valid, 1
comp_LIA-lin/chc-LIA-Lin_407.smt2, 12.23792439326644, valid, 1
comp_LIA-lin/chc-LIA-Lin_317.smt2, 47.89703362248838, invalid, 0
comp_LIA-lin/chc-LIA-Lin_099.smt2, 11.506267737597227, invalid, 0
comp_LIA-lin/chc-LIA-Lin_144.smt2, 2.5983859058469534, valid, 1
comp_LIA-lin/chc-LIA-Lin_098.smt2, 2.0822056643664837, invalid, 0
comp_LIA-lin/chc-LIA-Lin_229.smt2, 180, fail, 0
comp_LIA-lin/chc-LIA-Lin_097.smt2, 2.138341711834073, invalid, 0
comp_LIA-lin/chc-LIA-Lin_387.smt2, 0.11604316905140877, valid, 1
comp_LIA-lin/chc-LIA-Lin_365.smt2, 180, fail, 0
comp_LIA-lin/chc-LIA-Lin_332.smt2, 180, fail, 0
comp_LIA-lin/chc-LIA-Lin_337.smt2, 180, fail, 0
comp_LIA-lin/chc-LIA-Lin_102.smt2, 0.2149754147976637, invalid, 0
comp_LIA-lin/chc-LIA-Lin_100.smt2, 1.471836406737566, invalid, 0
comp_LIA-lin/chc-LIA-Lin_346.smt2, 180, fail, 0
comp_LIA-lin/chc-LIA-Lin_400.smt2, 0.10784757137298584, valid, 1
comp_LIA-lin/chc-LIA-Lin_142.smt2, 180, fail, 0
comp_LIA-lin/chc-LIA-Lin_095.smt2, 0.1048874519765377, invalid, 0
comp_LIA-lin/chc-LIA-Lin_323.smt2, 7.662907971069217, valid, 1
comp_LIA-lin/chc-LIA-Lin_362.smt2, 180, fail, 0
comp_LIA-lin/chc-LIA-Lin_363.smt2, 35.818744231015444, valid, 1
comp_LIA-lin/chc-LIA-Lin_302.smt2, 1.778509747236967, valid, 1
comp_LIA-lin/chc-LIA-Lin_309.smt2, 0.4502895884215832, valid, 1
comp_LIA-lin/chc-LIA-Lin_367.smt2, 143.45126506499946, valid, 1
comp_LIA-lin/chc-LIA-Lin_361.smt2, 180, fail, 0
comp_LIA-lin/chc-LIA-Lin_315.smt2, 180, fail, 0
comp_LIA-lin/chc-LIA-Lin_349.smt2, 180, fail, 0
comp_LIA-lin/chc-LIA-Lin_359.smt2, 180, fail, 0
comp_LIA-lin/chc-LIA-Lin_297.smt2, 0.6923926305025816, valid, 1
comp_LIA-lin/chc-LIA-Lin_334.smt2, 8.645519709214568, valid, 1
comp_LIA-lin/chc-LIA-Lin_336.smt2, 9.427358895540237, valid, 1
comp_LIA-lin/chc-LIA-Lin_330.smt2, 11.362917808815837, valid, 1
comp_LIA-lin/chc-LIA-Lin_339.smt2, 15.167105600237846, valid, 1
comp_LIA-lin/chc-LIA-Lin_342.smt2, 13.593739001080394, valid, 1
comp_LIA-lin/chc-LIA-Lin_335.smt2, 9.252258097752929, valid, 1
comp_LIA-lin/chc-LIA-Lin_385.smt2, 0.1405402049422264, valid, 1
comp_LIA-lin/chc-LIA-Lin_421.smt2, 180, fail, 0
comp_LIA-lin/chc-LIA-Lin_324.smt2, 5.722095986828208, invalid, 0
comp_LIA-lin/chc-LIA-Lin_383.smt2, 180, fail, 0
comp_LIA-lin/chc-LIA-Lin_380.smt2, 180, fail, 0
comp_LIA-lin/chc-LIA-Lin_368.smt2, 142.7823183592409, valid, 1
comp_LIA-lin/chc-LIA-Lin_369.smt2, 180, fail, 0
comp_LIA-lin/chc-LIA-Lin_373.smt2, 180, fail, 0
comp_LIA-lin/chc-LIA-Lin_131.smt2, 180, fail, 0
comp_LIA-lin/chc-LIA-Lin_115.smt2, 180, fail, 0
comp_LIA-lin/chc-LIA-Lin_125.smt2, 180, fail, 0
comp_LIA-lin/chc-LIA-Lin_358.smt2, 180, fail, 0
comp_LIA-lin/chc-LIA-Lin_333.smt2, 18.22732755728066, valid, 1
comp_LIA-lin/chc-LIA-Lin_357.smt2, 44.5124405156821, valid, 1
comp_LIA-lin/chc-LIA-Lin_381.smt2, 180, fail, 0
comp_LIA-lin/chc-LIA-Lin_338.smt2, 26.86850866675377, valid, 1
comp_LIA-lin/chc-LIA-Lin_331.smt2, 18.802650589495897, valid, 1
comp_LIA-lin/chc-LIA-Lin_382.smt2, 180, fail, 0
comp_LIA-lin/chc-LIA-Lin_135.smt2, 180, fail, 0
comp_LIA-lin/chc-LIA-Lin_136.smt2, 180, fail, 0
comp_LIA-lin/chc-LIA-Lin_147.smt2, 180, fail, 0
comp_LIA-lin/chc-LIA-Lin_128.smt2, 180, fail, 0
comp_LIA-lin/chc-LIA-Lin_148.smt2, 180, fail, 0
comp_LIA-lin/chc-LIA-Lin_121.smt2, 180, fail, 0
comp_LIA-lin/chc-LIA-Lin_146.smt2, 180, fail, 0
comp_LIA-lin/chc-LIA-Lin_114.smt2, 180, fail, 0
comp_LIA-lin/chc-LIA-Lin_133.smt2, 180, fail, 0
comp_LIA-lin/chc-LIA-Lin_371.smt2, 180, fail, 0
comp_LIA-lin/chc-LIA-Lin_366.smt2, 24.934668451547623, invalid, 0
comp_LIA-lin/chc-LIA-Lin_345.smt2, 16.29445407167077, valid, 1
comp_LIA-lin/chc-LIA-Lin_412.smt2, 180, fail, 0
comp_LIA-lin/chc-LIA-Lin_364.smt2, 180, fail, 0
comp_LIA-lin/chc-LIA-Lin_376.smt2, 180, fail, 0
comp_LIA-lin/chc-LIA-Lin_356.smt2, 180, fail, 0
comp_LIA-lin/chc-LIA-Lin_344.smt2, 62.75729967094958, valid, 1
comp_LIA-lin/chc-LIA-Lin_374.smt2, 77.57057831995189, valid, 1
comp_LIA-lin/chc-LIA-Lin_372.smt2, 74.86020156554878, valid, 1
comp_LIA-lin/chc-LIA-Lin_318.smt2, 24.635781403630972, invalid, 0
comp_LIA-lin/chc-LIA-Lin_347.smt2, 4.4519719164818525, valid, 1
comp_LIA-lin/chc-LIA-Lin_341.smt2, 4.400566961616278, valid, 1
comp_LIA-lin/chc-LIA-Lin_343.smt2, 4.454746443778276, valid, 1
comp_LIA-lin/chc-LIA-Lin_403.smt2, 180, fail, 0
comp_LIA-lin/chc-LIA-Lin_406.smt2, 180, fail, 0
comp_LIA-lin/chc-LIA-Lin_378.smt2, 180, fail, 0
comp_LIA-lin/chc-LIA-Lin_416.smt2, 180, fail, 0
comp_LIA-lin/chc-LIA-Lin_409.smt2, 180, fail, 0
comp_LIA-lin/chc-LIA-Lin_405.smt2, 180, fail, 0
comp_LIA-lin/chc-LIA-Lin_408.smt2, 180, fail, 0
comp_LIA-lin/chc-LIA-Lin_419.smt2, 180, fail, 0
comp_LIA-lin/chc-LIA-Lin_420.smt2, 180, fail, 0
comp_LIA-lin/chc-LIA-Lin_353.smt2, 180, fail, 0
comp_LIA-lin/chc-LIA-Lin_354.smt2, 180, fail, 0
comp_LIA-lin/chc-LIA-Lin_355.smt2, 180, fail, 0
comp_LIA-lin/chc-LIA-Lin_351.smt2, 180, fail, 0
comp_LIA-lin/chc-LIA-Lin_319.smt2, 11.246733425185084, invalid, 0
comp_LIA-lin/chc-LIA-Lin_410.smt2, 180, fail, 0
comp_LIA-lin/chc-LIA-Lin_404.smt2, 180, fail, 0
comp_LIA-lin/chc-LIA-Lin_414.smt2, 180, fail, 0
comp_LIA-lin/chc-LIA-Lin_418.smt2, 180, fail, 0
comp_LIA-lin/chc-LIA-Lin_091.smt2, 9.125325821340084, valid, 1
comp_LIA-lin/chc-LIA-Lin_417.smt2, 180, fail, 0
comp_LIA-lin/chc-LIA-Lin_413.smt2, 180, fail, 0
comp_LIA-lin/chc-LIA-Lin_150.smt2, 180, fail, 0
comp_LIA-lin/chc-LIA-Lin_139.smt2, 180, fail, 0
comp_LIA-lin/chc-LIA-Lin_137.smt2, 180, fail, 0
comp_LIA-lin/chc-LIA-Lin_132.smt2, 180, fail, 0
comp_LIA-lin/chc-LIA-Lin_127.smt2, 180, fail, 0
comp_LIA-lin/chc-LIA-Lin_122.smt2, 180, fail, 0
comp_LIA-lin/chc-LIA-Lin_140.smt2, 180, fail, 0
comp_LIA-lin/chc-LIA-Lin_120.smt2, 180, fail, 0
comp_LIA-lin/chc-LIA-Lin_119.smt2, 180, fail, 0
comp_LIA-lin/chc-LIA-Lin_117.smt2, 180, fail, 0
comp_LIA-lin/chc-LIA-Lin_134.smt2, 180, fail, 0
comp_LIA-lin/chc-LIA-Lin_123.smt2, 180, fail, 0
comp_LIA-lin/chc-LIA-Lin_126.smt2, 180, fail, 0
comp_LIA-lin/chc-LIA-Lin_415.smt2, 180, fail, 0
comp_LIA-lin/chc-LIA-Lin_129.smt2, 180, fail, 0
comp_LIA-lin/chc-LIA-Lin_116.smt2, 180, fail, 0
comp_LIA-lin/chc-LIA-Lin_141.smt2, 180, fail, 0
comp_LIA-lin/chc-LIA-Lin_130.smt2, 180, fail, 0
comp_LIA-lin/chc-LIA-Lin_145.smt2, 180, fail, 0
comp_LIA-lin/chc-LIA-Lin_118.smt2, 180, fail, 0
comp_LIA-lin/chc-LIA-Lin_138.smt2, 180, fail, 0
comp_LIA-lin/chc-LIA-Lin_110.smt2, 64.38106727972627, valid, 1
comp_LIA-lin/chc-LIA-Lin_143.smt2, 180, fail, 0
comp_LIA-lin/chc-LIA-Lin_124.smt2, 180, fail, 0
