comp_LIA-lin/chc-LIA-Lin_007.smt2, 180, fail, 0
comp_LIA-lin/chc-LIA-Lin_035.smt2, 31.056732455268502, invalid, 0
comp_LIA-lin/chc-LIA-Lin_045.smt2, 180, fail, 0
comp_LIA-lin/chc-LIA-Lin_033.smt2, 31.995502771809697, invalid, 0
comp_LIA-lin/chc-LIA-Lin_011.smt2, 180, fail, 0
comp_LIA-lin/chc-LIA-Lin_003.smt2, 18.914425421506166, valid, 1
comp_LIA-lin/chc-LIA-Lin_031.smt2, 180, fail, 0
comp_LIA-lin/chc-LIA-Lin_034.smt2, 180, fail, 0
comp_LIA-lin/chc-LIA-Lin_029.smt2, 40.653003139421344, invalid, 0
comp_LIA-lin/chc-LIA-Lin_041.smt2, 180, fail, 0
comp_LIA-lin/chc-LIA-Lin_042.smt2, 180, fail, 0
comp_LIA-lin/chc-LIA-Lin_049.smt2, 180, fail, 0
comp_LIA-lin/chc-LIA-Lin_027.smt2, 0.00311928428709507, invalid, 0
comp_LIA-lin/chc-LIA-Lin_046.smt2, 180, fail, 0
comp_LIA-lin/chc-LIA-Lin_025.smt2, 0.0032362211495637894, invalid, 0
comp_LIA-lin/chc-LIA-Lin_282.smt2, 0.002940848469734192, valid, 1
comp_LIA-lin/chc-LIA-Lin_023.smt2, 0.0062775034457445145, invalid, 0
comp_LIA-lin/chc-LIA-Lin_283.smt2, 0.0025268159806728363, valid, 1
comp_LIA-lin/chc-LIA-Lin_263.smt2, 180, fail, 0
comp_LIA-lin/chc-LIA-Lin_040.smt2, 84.46337575092912, invalid, 0
comp_LIA-lin/chc-LIA-Lin_010.smt2, 180, fail, 0
comp_LIA-lin/chc-LIA-Lin_044.smt2, 62.79916999489069, invalid, 0
comp_LIA-lin/chc-LIA-Lin_043.smt2, 180, fail, 0
comp_LIA-lin/chc-LIA-Lin_028.smt2, 4.56823717802763, invalid, 0
comp_LIA-lin/chc-LIA-Lin_051.smt2, 180, fail, 0
comp_LIA-lin/chc-LIA-Lin_050.smt2, 180, fail, 0
comp_LIA-lin/chc-LIA-Lin_039.smt2, 180, fail, 0
comp_LIA-lin/chc-LIA-Lin_038.smt2, 79.69011740759015, invalid, 0
comp_LIA-lin/chc-LIA-Lin_019.smt2, 180, fail, 0
comp_LIA-lin/chc-LIA-Lin_030.smt2, 180, fail, 0
comp_LIA-lin/chc-LIA-Lin_048.smt2, 180, fail, 0
comp_LIA-lin/chc-LIA-Lin_287.smt2, 0.0034529585391283035, valid, 1
comp_LIA-lin/chc-LIA-Lin_036.smt2, 34.41322197392583, invalid, 0
comp_LIA-lin/chc-LIA-Lin_026.smt2, 0.22737675718963146, invalid, 0
comp_LIA-lin/chc-LIA-Lin_047.smt2, 180, fail, 0
comp_LIA-lin/chc-LIA-Lin_265.smt2, 180, fail, 0
comp_LIA-lin/chc-LIA-Lin_022.smt2, 0.04386310465633869, invalid, 0
comp_LIA-lin/chc-LIA-Lin_243.smt2, 0.278593422845006, valid, 1
comp_LIA-lin/chc-LIA-Lin_037.smt2, 180, fail, 0
comp_LIA-lin/chc-LIA-Lin_246.smt2, 19.336185229942203, valid, 1
comp_LIA-lin/chc-LIA-Lin_032.smt2, 180, fail, 0
comp_LIA-lin/chc-LIA-Lin_261.smt2, 180, fail, 0
comp_LIA-lin/chc-LIA-Lin_264.smt2, 180, fail, 0
comp_LIA-lin/chc-LIA-Lin_248.smt2, 180, fail, 0
comp_LIA-lin/chc-LIA-Lin_250.smt2, 180, fail, 0
comp_LIA-lin/chc-LIA-Lin_249.smt2, 180, fail, 0
comp_LIA-lin/chc-LIA-Lin_000.smt2, 0.11563033051788807, valid, 1
comp_LIA-lin/chc-LIA-Lin_244.smt2, 0.009638836607336998, valid, 1
comp_LIA-lin/chc-LIA-Lin_241.smt2, 111.2574913483113, valid, 1
comp_LIA-lin/chc-LIA-Lin_242.smt2, 1.6789119988679886, valid, 1
comp_LIA-lin/chc-LIA-Lin_253.smt2, 7.870058270171285, valid, 1
comp_LIA-lin/chc-LIA-Lin_255.smt2, 1.2760976366698742, valid, 1
comp_LIA-lin/chc-LIA-Lin_012.smt2, 15.240932879969478, valid, 1
comp_LIA-lin/chc-LIA-Lin_024.smt2, 0.1381122749298811, invalid, 0
comp_LIA-lin/chc-LIA-Lin_259.smt2, 180, fail, 0
comp_LIA-lin/chc-LIA-Lin_266.smt2, 180, fail, 0
comp_LIA-lin/chc-LIA-Lin_251.smt2, 20.252470649778843, valid, 1
comp_LIA-lin/chc-LIA-Lin_269.smt2, 180, fail, 0
comp_LIA-lin/chc-LIA-Lin_252.smt2, 180, fail, 0
comp_LIA-lin/chc-LIA-Lin_258.smt2, 180, fail, 0
comp_LIA-lin/chc-LIA-Lin_111.smt2, 1.466869805008173, invalid, 0
comp_LIA-lin/chc-LIA-Lin_268.smt2, 180, fail, 0
comp_LIA-lin/chc-LIA-Lin_093.smt2, 0.009299246594309807, invalid, 0
comp_LIA-lin/chc-LIA-Lin_256.smt2, 1.6825815923511982, valid, 1
comp_LIA-lin/chc-LIA-Lin_262.smt2, 180, fail, 0
comp_LIA-lin/chc-LIA-Lin_257.smt2, 180, fail, 0
comp_LIA-lin/chc-LIA-Lin_015.smt2, 4.472637267783284, valid, 1
comp_LIA-lin/chc-LIA-Lin_245.smt2, 0.6558210924267769, valid, 1
comp_LIA-lin/chc-LIA-Lin_149.smt2, 180, fail, 0
comp_LIA-lin/chc-LIA-Lin_108.smt2, 180, fail, 0
comp_LIA-lin/chc-LIA-Lin_247.smt2, 180, fail, 0
comp_LIA-lin/chc-LIA-Lin_106.smt2, 180, fail, 0
comp_LIA-lin/chc-LIA-Lin_005.smt2, 180, fail, 0
comp_LIA-lin/chc-LIA-Lin_270.smt2, 180, fail, 0
comp_LIA-lin/chc-LIA-Lin_018.smt2, 13.778527026996017, valid, 1
comp_LIA-lin/chc-LIA-Lin_260.smt2, 180, fail, 0
comp_LIA-lin/chc-LIA-Lin_267.smt2, 180, fail, 0
comp_LIA-lin/chc-LIA-Lin_013.smt2, 180, fail, 0
comp_LIA-lin/chc-LIA-Lin_254.smt2, 10.748568622395396, valid, 1
comp_LIA-lin/chc-LIA-Lin_398.smt2, 0.0025147683918476105, valid, 1
comp_LIA-lin/chc-LIA-Lin_284.smt2, 0.0025078672915697098, valid, 1
comp_LIA-lin/chc-LIA-Lin_002.smt2, 180, fail, 0
comp_LIA-lin/chc-LIA-Lin_008.smt2, 9.16615879163146, valid, 1
comp_LIA-lin/chc-LIA-Lin_020.smt2, 180, fail, 0
comp_LIA-lin/chc-LIA-Lin_195.smt2, 180, fail, 0
comp_LIA-lin/chc-LIA-Lin_021.smt2, 180, fail, 0
comp_LIA-lin/chc-LIA-Lin_016.smt2, 180, fail, 0
comp_LIA-lin/chc-LIA-Lin_017.smt2, 7.7728230357170105, valid, 1
comp_LIA-lin/chc-LIA-Lin_273.smt2, 0.0124437864869833, valid, 1
comp_LIA-lin/chc-LIA-Lin_109.smt2, 180, fail, 0
comp_LIA-lin/chc-LIA-Lin_001.smt2, 180, fail, 0
comp_LIA-lin/chc-LIA-Lin_014.smt2, 180, fail, 0
comp_LIA-lin/chc-LIA-Lin_006.smt2, 180, fail, 0
comp_LIA-lin/chc-LIA-Lin_271.smt2, 0.015329331159591675, valid, 1
comp_LIA-lin/chc-LIA-Lin_275.smt2, 0.007280675694346428, valid, 1
comp_LIA-lin/chc-LIA-Lin_285.smt2, 0.003783890977501869, valid, 1
comp_LIA-lin/chc-LIA-Lin_112.smt2, 0.04209519550204277, valid, 1
comp_LIA-lin/chc-LIA-Lin_004.smt2, 180, fail, 0
comp_LIA-lin/chc-LIA-Lin_079.smt2, 180, fail, 0
comp_LIA-lin/chc-LIA-Lin_326.smt2, 180, fail, 0
comp_LIA-lin/chc-LIA-Lin_077.smt2, 180, fail, 0
comp_LIA-lin/chc-LIA-Lin_076.smt2, 180, fail, 0
comp_LIA-lin/chc-LIA-Lin_075.smt2, 180, fail, 0
comp_LIA-lin/chc-LIA-Lin_061.smt2, 180, fail, 0
comp_LIA-lin/chc-LIA-Lin_234.smt2, 180, fail, 0
comp_LIA-lin/chc-LIA-Lin_101.smt2, 180, fail, 0
comp_LIA-lin/chc-LIA-Lin_107.smt2, 180, fail, 0
comp_LIA-lin/chc-LIA-Lin_228.smt2, 180, fail, 0
comp_LIA-lin/chc-LIA-Lin_401.smt2, 0.003366950899362564, invalid, 0
comp_LIA-lin/chc-LIA-Lin_083.smt2, 0.006358552724123001, valid, 1
comp_LIA-lin/chc-LIA-Lin_069.smt2, 0.021337419748306274, invalid, 0
comp_LIA-lin/chc-LIA-Lin_085.smt2, 180, fail, 0
comp_LIA-lin/chc-LIA-Lin_082.smt2, 180, fail, 0
comp_LIA-lin/chc-LIA-Lin_156.smt2, 0.18582135811448097, valid, 1
comp_LIA-lin/chc-LIA-Lin_059.smt2, 0.0048366691917181015, invalid, 0
comp_LIA-lin/chc-LIA-Lin_071.smt2, 0.012159556150436401, invalid, 0
comp_LIA-lin/chc-LIA-Lin_276.smt2, 0.021419191733002663, valid, 1
comp_LIA-lin/chc-LIA-Lin_009.smt2, 5.184307573363185, valid, 1
comp_LIA-lin/chc-LIA-Lin_058.smt2, 0.0774100087583065, invalid, 0
comp_LIA-lin/chc-LIA-Lin_060.smt2, 0.003687698394060135, valid, 1
comp_LIA-lin/chc-LIA-Lin_178.smt2, 180, fail, 0
comp_LIA-lin/chc-LIA-Lin_057.smt2, 0.0051763225346803665, invalid, 0
comp_LIA-lin/chc-LIA-Lin_052.smt2, 0.11703387834131718, invalid, 0
comp_LIA-lin/chc-LIA-Lin_277.smt2, 180, fail, 0
comp_LIA-lin/chc-LIA-Lin_064.smt2, 1.270850732922554, invalid, 0
comp_LIA-lin/chc-LIA-Lin_176.smt2, 180, fail, 0
comp_LIA-lin/chc-LIA-Lin_072.smt2, 0.013634240254759789, invalid, 0
comp_LIA-lin/chc-LIA-Lin_053.smt2, 0.004331620410084724, valid, 1
comp_LIA-lin/chc-LIA-Lin_074.smt2, 0.022711219266057014, valid, 1
comp_LIA-lin/chc-LIA-Lin_281.smt2, 180, fail, 0
comp_LIA-lin/chc-LIA-Lin_163.smt2, 0.007015172392129898, invalid, 0
comp_LIA-lin/chc-LIA-Lin_056.smt2, 0.0039810240268707275, valid, 1
comp_LIA-lin/chc-LIA-Lin_081.smt2, 180, fail, 0
comp_LIA-lin/chc-LIA-Lin_352.smt2, 180, fail, 0
comp_LIA-lin/chc-LIA-Lin_065.smt2, 180, fail, 0
comp_LIA-lin/chc-LIA-Lin_286.smt2, 0.029691066592931747, valid, 1
comp_LIA-lin/chc-LIA-Lin_274.smt2, 0.012592433020472527, valid, 1
comp_LIA-lin/chc-LIA-Lin_187.smt2, 180, fail, 0
comp_LIA-lin/chc-LIA-Lin_070.smt2, 180, fail, 0
comp_LIA-lin/chc-LIA-Lin_386.smt2, 0.004378914833068848, valid, 1
comp_LIA-lin/chc-LIA-Lin_370.smt2, 180, fail, 0
comp_LIA-lin/chc-LIA-Lin_183.smt2, 180, fail, 0
comp_LIA-lin/chc-LIA-Lin_172.smt2, 180, fail, 0
comp_LIA-lin/chc-LIA-Lin_185.smt2, 180, fail, 0
comp_LIA-lin/chc-LIA-Lin_202.smt2, 180, fail, 0
comp_LIA-lin/chc-LIA-Lin_216.smt2, 180, fail, 0
comp_LIA-lin/chc-LIA-Lin_272.smt2, 180, fail, 0
comp_LIA-lin/chc-LIA-Lin_348.smt2, 180, fail, 0
comp_LIA-lin/chc-LIA-Lin_084.smt2, 180, fail, 0
comp_LIA-lin/chc-LIA-Lin_391.smt2, 0.003373973071575165, valid, 1
comp_LIA-lin/chc-LIA-Lin_399.smt2, 0.0035046618431806564, valid, 1
comp_LIA-lin/chc-LIA-Lin_393.smt2, 0.003580613061785698, valid, 1
comp_LIA-lin/chc-LIA-Lin_055.smt2, 0.005730919539928436, invalid, 0
comp_LIA-lin/chc-LIA-Lin_340.smt2, 180, fail, 0
comp_LIA-lin/chc-LIA-Lin_180.smt2, 180, fail, 0
comp_LIA-lin/chc-LIA-Lin_193.smt2, 0.46278318390250206, valid, 1
comp_LIA-lin/chc-LIA-Lin_054.smt2, 0.013191400095820427, valid, 1
comp_LIA-lin/chc-LIA-Lin_233.smt2, 180, fail, 0
comp_LIA-lin/chc-LIA-Lin_280.smt2, 180, fail, 0
comp_LIA-lin/chc-LIA-Lin_279.smt2, 180, fail, 0
comp_LIA-lin/chc-LIA-Lin_068.smt2, 0.00723123736679554, valid, 1
comp_LIA-lin/chc-LIA-Lin_278.smt2, 180, fail, 0
comp_LIA-lin/chc-LIA-Lin_306.smt2, 4.83154028095305, valid, 1
comp_LIA-lin/chc-LIA-Lin_089.smt2, 180, fail, 0
comp_LIA-lin/chc-LIA-Lin_154.smt2, 1.3073360603302717, valid, 1
comp_LIA-lin/chc-LIA-Lin_090.smt2, 180, fail, 0
comp_LIA-lin/chc-LIA-Lin_157.smt2, 0.005337433889508247, valid, 1
comp_LIA-lin/chc-LIA-Lin_164.smt2, 0.09729493223130703, valid, 1
comp_LIA-lin/chc-LIA-Lin_113.smt2, 180, fail, 0
comp_LIA-lin/chc-LIA-Lin_313.smt2, 180, fail, 0
comp_LIA-lin/chc-LIA-Lin_166.smt2, 0.0053352005779743195, valid, 1
comp_LIA-lin/chc-LIA-Lin_190.smt2, 0.7275999411940575, valid, 1
comp_LIA-lin/chc-LIA-Lin_360.smt2, 180, fail, 0
comp_LIA-lin/chc-LIA-Lin_063.smt2, 180, fail, 0
comp_LIA-lin/chc-LIA-Lin_170.smt2, 180, fail, 0
comp_LIA-lin/chc-LIA-Lin_206.smt2, 180, fail, 0
comp_LIA-lin/chc-LIA-Lin_223.smt2, 180, fail, 0
comp_LIA-lin/chc-LIA-Lin_201.smt2, 180, fail, 0
comp_LIA-lin/chc-LIA-Lin_092.smt2, 0.0071186162531375885, valid, 1
comp_LIA-lin/chc-LIA-Lin_220.smt2, 180, fail, 0
comp_LIA-lin/chc-LIA-Lin_078.smt2, 180, fail, 0
comp_LIA-lin/chc-LIA-Lin_194.smt2, 180, fail, 0
comp_LIA-lin/chc-LIA-Lin_221.smt2, 180, fail, 0
comp_LIA-lin/chc-LIA-Lin_314.smt2, 180, fail, 0
comp_LIA-lin/chc-LIA-Lin_239.smt2, 180, fail, 0
comp_LIA-lin/chc-LIA-Lin_161.smt2, 0.05734425410628319, invalid, 0
comp_LIA-lin/chc-LIA-Lin_375.smt2, 180, fail, 0
comp_LIA-lin/chc-LIA-Lin_288.smt2, 0.005398940294981003, valid, 1
comp_LIA-lin/chc-LIA-Lin_225.smt2, 180, fail, 0
comp_LIA-lin/chc-LIA-Lin_188.smt2, 6.623059349134564, valid, 1
comp_LIA-lin/chc-LIA-Lin_088.smt2, 180, fail, 0
comp_LIA-lin/chc-LIA-Lin_086.smt2, 75.34473973885179, valid, 1
comp_LIA-lin/chc-LIA-Lin_155.smt2, 180, fail, 0
comp_LIA-lin/chc-LIA-Lin_159.smt2, 180, fail, 0
comp_LIA-lin/chc-LIA-Lin_289.smt2, 0.005331769585609436, invalid, 0
comp_LIA-lin/chc-LIA-Lin_290.smt2, 0.005505871027708054, valid, 1
comp_LIA-lin/chc-LIA-Lin_293.smt2, 0.005847714841365814, valid, 1
comp_LIA-lin/chc-LIA-Lin_207.smt2, 54.63733531348407, valid, 1
comp_LIA-lin/chc-LIA-Lin_073.smt2, 0.020239146426320076, valid, 1
comp_LIA-lin/chc-LIA-Lin_165.smt2, 0.0055732764303684235, valid, 1
comp_LIA-lin/chc-LIA-Lin_217.smt2, 71.65082947723567, valid, 1
comp_LIA-lin/chc-LIA-Lin_151.smt2, 0.2689660079777241, valid, 1
comp_LIA-lin/chc-LIA-Lin_175.smt2, 152.4270884692669, valid, 1
comp_LIA-lin/chc-LIA-Lin_191.smt2, 6.852974716573954, valid, 1
comp_LIA-lin/chc-LIA-Lin_192.smt2, 31.841537920758128, valid, 1
comp_LIA-lin/chc-LIA-Lin_174.smt2, 180, fail, 0
comp_LIA-lin/chc-LIA-Lin_197.smt2, 180, fail, 0
comp_LIA-lin/chc-LIA-Lin_105.smt2, 180, fail, 0
comp_LIA-lin/chc-LIA-Lin_160.smt2, 0.032676227390766144, invalid, 0
comp_LIA-lin/chc-LIA-Lin_162.smt2, 0.0740128941833973, invalid, 0
comp_LIA-lin/chc-LIA-Lin_218.smt2, 180, fail, 0
comp_LIA-lin/chc-LIA-Lin_232.smt2, 25.54183011688292, valid, 1
comp_LIA-lin/chc-LIA-Lin_198.smt2, 180, fail, 0
comp_LIA-lin/chc-LIA-Lin_215.smt2, 180, fail, 0
comp_LIA-lin/chc-LIA-Lin_062.smt2, 180, fail, 0
comp_LIA-lin/chc-LIA-Lin_169.smt2, 27.9663704354316, valid, 1
comp_LIA-lin/chc-LIA-Lin_384.smt2, 0.01388760656118393, valid, 1
comp_LIA-lin/chc-LIA-Lin_189.smt2, 180, fail, 0
comp_LIA-lin/chc-LIA-Lin_300.smt2, 0.059130990877747536, invalid, 0
comp_LIA-lin/chc-LIA-Lin_397.smt2, 0.0076086632907390594, valid, 1
comp_LIA-lin/chc-LIA-Lin_096.smt2, 0.9536850824952126, valid, 1
comp_LIA-lin/chc-LIA-Lin_211.smt2, 180, fail, 0
comp_LIA-lin/chc-LIA-Lin_066.smt2, 0.05530972220003605, valid, 1
comp_LIA-lin/chc-LIA-Lin_226.smt2, 30.640154730528593, valid, 1
comp_LIA-lin/chc-LIA-Lin_177.smt2, 180, fail, 0
comp_LIA-lin/chc-LIA-Lin_153.smt2, 0.010610844939947128, valid, 1
comp_LIA-lin/chc-LIA-Lin_179.smt2, 180, fail, 0
comp_LIA-lin/chc-LIA-Lin_158.smt2, 3.6423815079033375, valid, 1
comp_LIA-lin/chc-LIA-Lin_219.smt2, 180, fail, 0
comp_LIA-lin/chc-LIA-Lin_303.smt2, 0.01444397121667862, valid, 1
comp_LIA-lin/chc-LIA-Lin_152.smt2, 0.05020681209862232, invalid, 0
comp_LIA-lin/chc-LIA-Lin_222.smt2, 37.354858653619885, valid, 1
comp_LIA-lin/chc-LIA-Lin_292.smt2, 0.01393614336848259, invalid, 0
comp_LIA-lin/chc-LIA-Lin_390.smt2, 0.020673250779509544, valid, 1
comp_LIA-lin/chc-LIA-Lin_203.smt2, 162.51703048497438, valid, 1
comp_LIA-lin/chc-LIA-Lin_301.smt2, 0.030323222279548645, valid, 1
comp_LIA-lin/chc-LIA-Lin_291.smt2, 0.015500353649258614, valid, 1
comp_LIA-lin/chc-LIA-Lin_295.smt2, 2.7568939700722694, invalid, 0
comp_LIA-lin/chc-LIA-Lin_394.smt2, 0.011687599122524261, valid, 1
comp_LIA-lin/chc-LIA-Lin_299.smt2, 0.03266596794128418, valid, 1
comp_LIA-lin/chc-LIA-Lin_167.smt2, 0.03854645974934101, valid, 1
comp_LIA-lin/chc-LIA-Lin_212.smt2, 180, fail, 0
comp_LIA-lin/chc-LIA-Lin_209.smt2, 180, fail, 0
comp_LIA-lin/chc-LIA-Lin_311.smt2, 0.03256804868578911, valid, 1
comp_LIA-lin/chc-LIA-Lin_182.smt2, 180, fail, 0
comp_LIA-lin/chc-LIA-Lin_199.smt2, 180, fail, 0
comp_LIA-lin/chc-LIA-Lin_173.smt2, 180, fail, 0
comp_LIA-lin/chc-LIA-Lin_186.smt2, 180, fail, 0
comp_LIA-lin/chc-LIA-Lin_213.smt2, 180, fail, 0
comp_LIA-lin/chc-LIA-Lin_230.smt2, 180, fail, 0
comp_LIA-lin/chc-LIA-Lin_171.smt2, 180, fail, 0
comp_LIA-lin/chc-LIA-Lin_227.smt2, 180, fail, 0
comp_LIA-lin/chc-LIA-Lin_181.smt2, 180, fail, 0
comp_LIA-lin/chc-LIA-Lin_208.smt2, 180, fail, 0
comp_LIA-lin/chc-LIA-Lin_236.smt2, 180, fail, 0
comp_LIA-lin/chc-LIA-Lin_184.smt2, 43.11685872823, valid, 1
comp_LIA-lin/chc-LIA-Lin_168.smt2, 0.02424224652349949, valid, 1
comp_LIA-lin/chc-LIA-Lin_240.smt2, 68.74193784967065, valid, 1
comp_LIA-lin/chc-LIA-Lin_067.smt2, 0.2451231461018324, valid, 1
comp_LIA-lin/chc-LIA-Lin_308.smt2, 0.44329733960330486, invalid, 0
comp_LIA-lin/chc-LIA-Lin_328.smt2, 2.4236175920814276, invalid, 0
comp_LIA-lin/chc-LIA-Lin_205.smt2, 180, fail, 0
comp_LIA-lin/chc-LIA-Lin_294.smt2, 0.8578134533017874, invalid, 0
comp_LIA-lin/chc-LIA-Lin_402.smt2, 180, fail, 0
comp_LIA-lin/chc-LIA-Lin_104.smt2, 5.551526507362723, valid, 1
comp_LIA-lin/chc-LIA-Lin_238.smt2, 180, fail, 0
comp_LIA-lin/chc-LIA-Lin_204.smt2, 180, fail, 0
comp_LIA-lin/chc-LIA-Lin_237.smt2, 180, fail, 0
comp_LIA-lin/chc-LIA-Lin_214.smt2, 180, fail, 0
comp_LIA-lin/chc-LIA-Lin_200.smt2, 180, fail, 0
comp_LIA-lin/chc-LIA-Lin_196.smt2, 180, fail, 0
comp_LIA-lin/chc-LIA-Lin_377.smt2, 180, fail, 0
comp_LIA-lin/chc-LIA-Lin_305.smt2, 1.0131894797086716, invalid, 0
comp_LIA-lin/chc-LIA-Lin_087.smt2, 180, fail, 0
comp_LIA-lin/chc-LIA-Lin_231.smt2, 180, fail, 0
comp_LIA-lin/chc-LIA-Lin_103.smt2, 6.8286843951791525, valid, 1
comp_LIA-lin/chc-LIA-Lin_224.smt2, 180, fail, 0
comp_LIA-lin/chc-LIA-Lin_094.smt2, 0.11392780765891075, valid, 1
comp_LIA-lin/chc-LIA-Lin_235.smt2, 75.20069994404912, valid, 1
comp_LIA-lin/chc-LIA-Lin_329.smt2, 180, fail, 0
comp_LIA-lin/chc-LIA-Lin_312.smt2, 180, fail, 0
comp_LIA-lin/chc-LIA-Lin_396.smt2, 0.02967582456767559, valid, 1
comp_LIA-lin/chc-LIA-Lin_389.smt2, 0.03646145574748516, valid, 1
comp_LIA-lin/chc-LIA-Lin_304.smt2, 0.10220315679907799, valid, 1
comp_LIA-lin/chc-LIA-Lin_379.smt2, 16.22373966872692, invalid, 0
comp_LIA-lin/chc-LIA-Lin_210.smt2, 180, fail, 0
comp_LIA-lin/chc-LIA-Lin_322.smt2, 14.65754210576415, invalid, 0
comp_LIA-lin/chc-LIA-Lin_298.smt2, 5.661872653290629, invalid, 0
comp_LIA-lin/chc-LIA-Lin_395.smt2, 0.05280995927751064, valid, 1
comp_LIA-lin/chc-LIA-Lin_411.smt2, 0.2547703664749861, valid, 1
comp_LIA-lin/chc-LIA-Lin_307.smt2, 0.710667273029685, valid, 1
comp_LIA-lin/chc-LIA-Lin_080.smt2, 180, fail, 0
comp_LIA-lin/chc-LIA-Lin_316.smt2, 15.320232616737485, valid, 1
comp_LIA-lin/chc-LIA-Lin_320.smt2, 23.248740693554282, valid, 1
comp_LIA-lin/chc-LIA-Lin_325.smt2, 12.34383187443018, valid, 1
comp_LIA-lin/chc-LIA-Lin_350.smt2, 8.012830827385187, valid, 1
comp_LIA-lin/chc-LIA-Lin_392.smt2, 0.05858096107840538, valid, 1
comp_LIA-lin/chc-LIA-Lin_388.smt2, 0.07843764312565327, valid, 1
comp_LIA-lin/chc-LIA-Lin_310.smt2, 0.14726892858743668, valid, 1
comp_LIA-lin/chc-LIA-Lin_321.smt2, 108.8846883457154, valid, 1
comp_LIA-lin/chc-LIA-Lin_296.smt2, 0.22518314979970455, valid, 1
comp_LIA-lin/chc-LIA-Lin_327.smt2, 11.597149899229407, valid, 1
comp_LIA-lin/chc-LIA-Lin_407.smt2, 13.505585623905063, valid, 1
comp_LIA-lin/chc-LIA-Lin_317.smt2, 80.60630156844854, invalid, 0
comp_LIA-lin/chc-LIA-Lin_099.smt2, 64.9505350459367, invalid, 0
comp_LIA-lin/chc-LIA-Lin_144.smt2, 180, fail, 0
comp_LIA-lin/chc-LIA-Lin_098.smt2, 11.514169516041875, invalid, 0
comp_LIA-lin/chc-LIA-Lin_229.smt2, 180, fail, 0
comp_LIA-lin/chc-LIA-Lin_097.smt2, 3.6888316683471203, invalid, 0
comp_LIA-lin/chc-LIA-Lin_387.smt2, 0.09685949794948101, valid, 1
comp_LIA-lin/chc-LIA-Lin_365.smt2, 180, fail, 0
comp_LIA-lin/chc-LIA-Lin_332.smt2, 180, fail, 0
comp_LIA-lin/chc-LIA-Lin_337.smt2, 180, fail, 0
comp_LIA-lin/chc-LIA-Lin_102.smt2, 0.21955068781971931, invalid, 0
comp_LIA-lin/chc-LIA-Lin_100.smt2, 2.2446169424802065, invalid, 0
comp_LIA-lin/chc-LIA-Lin_346.smt2, 180, fail, 0
comp_LIA-lin/chc-LIA-Lin_400.smt2, 0.15062597207725048, valid, 1
comp_LIA-lin/chc-LIA-Lin_142.smt2, 180, fail, 0
comp_LIA-lin/chc-LIA-Lin_095.smt2, 0.04340904951095581, invalid, 0
comp_LIA-lin/chc-LIA-Lin_323.smt2, 24.950786715373397, valid, 1
comp_LIA-lin/chc-LIA-Lin_362.smt2, 180, fail, 0
comp_LIA-lin/chc-LIA-Lin_363.smt2, 180, fail, 0
comp_LIA-lin/chc-LIA-Lin_302.smt2, 4.929662220180035, valid, 1
comp_LIA-lin/chc-LIA-Lin_309.smt2, 0.5475076921284199, valid, 1
comp_LIA-lin/chc-LIA-Lin_367.smt2, 180, fail, 0
comp_LIA-lin/chc-LIA-Lin_361.smt2, 180, fail, 0
comp_LIA-lin/chc-LIA-Lin_315.smt2, 180, fail, 0
comp_LIA-lin/chc-LIA-Lin_349.smt2, 180, fail, 0
comp_LIA-lin/chc-LIA-Lin_359.smt2, 180, fail, 0
comp_LIA-lin/chc-LIA-Lin_297.smt2, 0.6087330188602209, valid, 1
comp_LIA-lin/chc-LIA-Lin_334.smt2, 23.112134378403425, valid, 1
comp_LIA-lin/chc-LIA-Lin_336.smt2, 32.04448665678501, valid, 1
comp_LIA-lin/chc-LIA-Lin_330.smt2, 32.27327257953584, valid, 1
comp_LIA-lin/chc-LIA-Lin_339.smt2, 36.26929513551295, valid, 1
comp_LIA-lin/chc-LIA-Lin_342.smt2, 46.74908408150077, valid, 1
comp_LIA-lin/chc-LIA-Lin_335.smt2, 20.932204101234674, valid, 1
comp_LIA-lin/chc-LIA-Lin_385.smt2, 0.6204468682408333, valid, 1
comp_LIA-lin/chc-LIA-Lin_421.smt2, 180, fail, 0
comp_LIA-lin/chc-LIA-Lin_324.smt2, 71.25054239481688, invalid, 0
comp_LIA-lin/chc-LIA-Lin_383.smt2, 180, fail, 0
comp_LIA-lin/chc-LIA-Lin_380.smt2, 180, fail, 0
comp_LIA-lin/chc-LIA-Lin_368.smt2, 180, fail, 0
comp_LIA-lin/chc-LIA-Lin_369.smt2, 180, fail, 0
comp_LIA-lin/chc-LIA-Lin_373.smt2, 180, fail, 0
comp_LIA-lin/chc-LIA-Lin_131.smt2, 180, fail, 0
comp_LIA-lin/chc-LIA-Lin_115.smt2, 180, fail, 0
comp_LIA-lin/chc-LIA-Lin_125.smt2, 180, fail, 0
comp_LIA-lin/chc-LIA-Lin_358.smt2, 180, fail, 0
comp_LIA-lin/chc-LIA-Lin_333.smt2, 88.44639871641994, valid, 1
comp_LIA-lin/chc-LIA-Lin_357.smt2, 180, fail, 0
comp_LIA-lin/chc-LIA-Lin_381.smt2, 180, fail, 0
comp_LIA-lin/chc-LIA-Lin_338.smt2, 180, fail, 0
comp_LIA-lin/chc-LIA-Lin_331.smt2, 50.88383112847805, valid, 1
comp_LIA-lin/chc-LIA-Lin_382.smt2, 180, fail, 0
comp_LIA-lin/chc-LIA-Lin_135.smt2, 180, fail, 0
comp_LIA-lin/chc-LIA-Lin_136.smt2, 180, fail, 0
comp_LIA-lin/chc-LIA-Lin_147.smt2, 180, fail, 0
comp_LIA-lin/chc-LIA-Lin_128.smt2, 180, fail, 0
comp_LIA-lin/chc-LIA-Lin_148.smt2, 180, fail, 0
comp_LIA-lin/chc-LIA-Lin_121.smt2, 180, fail, 0
comp_LIA-lin/chc-LIA-Lin_146.smt2, 180, fail, 0
comp_LIA-lin/chc-LIA-Lin_114.smt2, 180, fail, 0
comp_LIA-lin/chc-LIA-Lin_133.smt2, 180, fail, 0
comp_LIA-lin/chc-LIA-Lin_371.smt2, 180, fail, 0
comp_LIA-lin/chc-LIA-Lin_366.smt2, 180, fail, 0
comp_LIA-lin/chc-LIA-Lin_345.smt2, 78.40406491234899, valid, 1
comp_LIA-lin/chc-LIA-Lin_412.smt2, 180, fail, 0
comp_LIA-lin/chc-LIA-Lin_364.smt2, 180, fail, 0
comp_LIA-lin/chc-LIA-Lin_376.smt2, 180, fail, 0
comp_LIA-lin/chc-LIA-Lin_356.smt2, 180, fail, 0
comp_LIA-lin/chc-LIA-Lin_344.smt2, 103.95637487247586, valid, 1
comp_LIA-lin/chc-LIA-Lin_374.smt2, 79.96614955179393, valid, 1
comp_LIA-lin/chc-LIA-Lin_372.smt2, 89.23319502547383, valid, 1
comp_LIA-lin/chc-LIA-Lin_318.smt2, 180, fail, 0
comp_LIA-lin/chc-LIA-Lin_347.smt2, 57.292785020545125, valid, 1
comp_LIA-lin/chc-LIA-Lin_341.smt2, 47.61077609099448, valid, 1
comp_LIA-lin/chc-LIA-Lin_343.smt2, 79.37692322582006, valid, 1
comp_LIA-lin/chc-LIA-Lin_403.smt2, 180, fail, 0
comp_LIA-lin/chc-LIA-Lin_406.smt2, 180, fail, 0
comp_LIA-lin/chc-LIA-Lin_378.smt2, 180, fail, 0
comp_LIA-lin/chc-LIA-Lin_416.smt2, 180, fail, 0
comp_LIA-lin/chc-LIA-Lin_409.smt2, 180, fail, 0
comp_LIA-lin/chc-LIA-Lin_405.smt2, 180, fail, 0
comp_LIA-lin/chc-LIA-Lin_408.smt2, 180, fail, 0
comp_LIA-lin/chc-LIA-Lin_419.smt2, 180, fail, 0
comp_LIA-lin/chc-LIA-Lin_420.smt2, 180, fail, 0
comp_LIA-lin/chc-LIA-Lin_353.smt2, 180, fail, 0
comp_LIA-lin/chc-LIA-Lin_354.smt2, 180, fail, 0
comp_LIA-lin/chc-LIA-Lin_355.smt2, 180, fail, 0
comp_LIA-lin/chc-LIA-Lin_351.smt2, 180, fail, 0
comp_LIA-lin/chc-LIA-Lin_319.smt2, 29.38524490967393, invalid, 0
comp_LIA-lin/chc-LIA-Lin_410.smt2, 180, fail, 0
comp_LIA-lin/chc-LIA-Lin_404.smt2, 180, fail, 0
comp_LIA-lin/chc-LIA-Lin_414.smt2, 180, fail, 0
comp_LIA-lin/chc-LIA-Lin_418.smt2, 180, fail, 0
comp_LIA-lin/chc-LIA-Lin_091.smt2, 3.080908549949527, valid, 1
comp_LIA-lin/chc-LIA-Lin_417.smt2, 180, fail, 0
comp_LIA-lin/chc-LIA-Lin_413.smt2, 180, fail, 0
comp_LIA-lin/chc-LIA-Lin_150.smt2, 180, fail, 0
comp_LIA-lin/chc-LIA-Lin_139.smt2, 180, fail, 0
comp_LIA-lin/chc-LIA-Lin_137.smt2, 180, fail, 0
comp_LIA-lin/chc-LIA-Lin_132.smt2, 180, fail, 0
comp_LIA-lin/chc-LIA-Lin_127.smt2, 180, fail, 0
comp_LIA-lin/chc-LIA-Lin_122.smt2, 180, fail, 0
comp_LIA-lin/chc-LIA-Lin_140.smt2, 180, fail, 0
comp_LIA-lin/chc-LIA-Lin_120.smt2, 180, fail, 0
comp_LIA-lin/chc-LIA-Lin_119.smt2, 180, fail, 0
comp_LIA-lin/chc-LIA-Lin_117.smt2, 180, fail, 0
comp_LIA-lin/chc-LIA-Lin_134.smt2, 180, fail, 0
comp_LIA-lin/chc-LIA-Lin_123.smt2, 180, fail, 0
comp_LIA-lin/chc-LIA-Lin_126.smt2, 180, fail, 0
comp_LIA-lin/chc-LIA-Lin_415.smt2, 180, fail, 0
comp_LIA-lin/chc-LIA-Lin_129.smt2, 180, fail, 0
comp_LIA-lin/chc-LIA-Lin_116.smt2, 180, fail, 0
comp_LIA-lin/chc-LIA-Lin_141.smt2, 180, fail, 0
comp_LIA-lin/chc-LIA-Lin_130.smt2, 180, fail, 0
comp_LIA-lin/chc-LIA-Lin_145.smt2, 180, fail, 0
comp_LIA-lin/chc-LIA-Lin_118.smt2, 180, fail, 0
comp_LIA-lin/chc-LIA-Lin_138.smt2, 180, fail, 0
comp_LIA-lin/chc-LIA-Lin_110.smt2, 28.981829069554806, valid, 1
comp_LIA-lin/chc-LIA-Lin_143.smt2, 180, fail, 0
comp_LIA-lin/chc-LIA-Lin_124.smt2, 180, fail, 0
