comp_LIA-nonlin/chc-LIA_178.smt2, 0.004377720877528191, valid, 1
comp_LIA-nonlin/chc-LIA_183.smt2, 180, fail, 0
comp_LIA-nonlin/chc-LIA_170.smt2, 0.00486459955573082, valid, 1
comp_LIA-nonlin/chc-LIA_011.smt2, 0.02411082573235035, valid, 1
comp_LIA-nonlin/chc-LIA_184.smt2, 180, fail, 0
comp_LIA-nonlin/chc-LIA_010.smt2, 0.7926745805889368, valid, 1
comp_LIA-nonlin/chc-LIA_179.smt2, 0.005565345287322998, valid, 1
comp_LIA-nonlin/chc-LIA_000.smt2, 0.250681871548295, valid, 1
comp_LIA-nonlin/chc-LIA_001.smt2, 0.2481503877788782, valid, 1
comp_LIA-nonlin/chc-LIA_007.smt2, 0.1930809933692217, valid, 1
comp_LIA-nonlin/chc-LIA_008.smt2, 0.19271925650537014, valid, 1
comp_LIA-nonlin/chc-LIA_005.smt2, 0.1529208905994892, valid, 1
comp_LIA-nonlin/chc-LIA_182.smt2, 0.011775536462664604, valid, 1
comp_LIA-nonlin/chc-LIA_180.smt2, 0.01187150739133358, valid, 1
comp_LIA-nonlin/chc-LIA_175.smt2, 180, fail, 0
comp_LIA-nonlin/chc-LIA_065.smt2, 10.113467058166862, invalid, 0
comp_LIA-nonlin/chc-LIA_009.smt2, 0.038599105551838875, valid, 1
comp_LIA-nonlin/chc-LIA_049.smt2, 0.021216297522187233, invalid, 0
comp_LIA-nonlin/chc-LIA_048.smt2, 0.12103117816150188, invalid, 0
comp_LIA-nonlin/chc-LIA_006.smt2, 0.1934732235968113, valid, 1
comp_LIA-nonlin/chc-LIA_370.smt2, 0.01873798854649067, valid, 1
comp_LIA-nonlin/chc-LIA_055.smt2, 0.013148467987775803, valid, 1
comp_LIA-nonlin/chc-LIA_372.smt2, 0.03140329197049141, valid, 1
comp_LIA-nonlin/chc-LIA_423.smt2, 180, fail, 0
comp_LIA-nonlin/chc-LIA_425.smt2, 180, fail, 0
comp_LIA-nonlin/chc-LIA_389.smt2, 0.03878181613981724, valid, 1
comp_LIA-nonlin/chc-LIA_416.smt2, 0.0327448695898056, valid, 1
comp_LIA-nonlin/chc-LIA_056.smt2, 0.08178544603288174, invalid, 0
comp_LIA-nonlin/chc-LIA_060.smt2, 2.546362280845642, valid, 1
comp_LIA-nonlin/chc-LIA_062.smt2, 4.122470231726766, valid, 1
comp_LIA-nonlin/chc-LIA_057.smt2, 0.7261765785515308, invalid, 0
comp_LIA-nonlin/chc-LIA_052.smt2, 0.050343818962574005, invalid, 0
comp_LIA-nonlin/chc-LIA_003.smt2, 0.037851257249712944, valid, 1
comp_LIA-nonlin/chc-LIA_078.smt2, 180, fail, 0
comp_LIA-nonlin/chc-LIA_058.smt2, 0.3373510204255581, valid, 1
comp_LIA-nonlin/chc-LIA_064.smt2, 4.93160249851644, valid, 1
comp_LIA-nonlin/chc-LIA_051.smt2, 0.1891542337834835, valid, 1
comp_LIA-nonlin/chc-LIA_181.smt2, 0.009341537952423096, valid, 1
comp_LIA-nonlin/chc-LIA_072.smt2, 0.008113140240311623, invalid, 0
comp_LIA-nonlin/chc-LIA_369.smt2, 1.5205081850290298, valid, 1
comp_LIA-nonlin/chc-LIA_375.smt2, 3.5826269406825304, valid, 1
comp_LIA-nonlin/chc-LIA_376.smt2, 5.20643244870007, valid, 1
comp_LIA-nonlin/chc-LIA_366.smt2, 0.07353601045906544, valid, 1
comp_LIA-nonlin/chc-LIA_367.smt2, 0.3494844604283571, invalid, 0
comp_LIA-nonlin/chc-LIA_084.smt2, 180, fail, 0
comp_LIA-nonlin/chc-LIA_419.smt2, 0.3705401159822941, valid, 1
comp_LIA-nonlin/chc-LIA_050.smt2, 0.26104834862053394, valid, 1
comp_LIA-nonlin/chc-LIA_401.smt2, 180, fail, 0
comp_LIA-nonlin/chc-LIA_053.smt2, 0.004068508744239807, valid, 1
comp_LIA-nonlin/chc-LIA_164.smt2, 0.005671119317412376, valid, 1
comp_LIA-nonlin/chc-LIA_426.smt2, 180, fail, 0
comp_LIA-nonlin/chc-LIA_067.smt2, 180, fail, 0
comp_LIA-nonlin/chc-LIA_063.smt2, 0.5362742356956005, valid, 1
comp_LIA-nonlin/chc-LIA_054.smt2, 0.00878605805337429, valid, 1
comp_LIA-nonlin/chc-LIA_165.smt2, 0.0053445398807525635, valid, 1
comp_LIA-nonlin/chc-LIA_101.smt2, 0.04316510260105133, invalid, 0
comp_LIA-nonlin/chc-LIA_151.smt2, 0.014980681240558624, valid, 1
comp_LIA-nonlin/chc-LIA_424.smt2, 180, fail, 0
comp_LIA-nonlin/chc-LIA_153.smt2, 0.008386734873056412, valid, 1
comp_LIA-nonlin/chc-LIA_158.smt2, 0.10934451408684254, invalid, 0
comp_LIA-nonlin/chc-LIA_418.smt2, 0.057923462241888046, valid, 1
comp_LIA-nonlin/chc-LIA_099.smt2, 0.039438482373952866, invalid, 0
comp_LIA-nonlin/chc-LIA_059.smt2, 2.827797992154956, valid, 1
comp_LIA-nonlin/chc-LIA_061.smt2, 5.8140396028757095, valid, 1
comp_LIA-nonlin/chc-LIA_110.smt2, 0.1413402445614338, valid, 1
comp_LIA-nonlin/chc-LIA_107.smt2, 0.08715309575200081, valid, 1
comp_LIA-nonlin/chc-LIA_002.smt2, 0.061195144429802895, valid, 1
comp_LIA-nonlin/chc-LIA_079.smt2, 180, fail, 0
comp_LIA-nonlin/chc-LIA_368.smt2, 0.01586034707725048, invalid, 0
comp_LIA-nonlin/chc-LIA_371.smt2, 0.08526215329766273, invalid, 0
comp_LIA-nonlin/chc-LIA_365.smt2, 180, fail, 0
comp_LIA-nonlin/chc-LIA_377.smt2, 180, fail, 0
comp_LIA-nonlin/chc-LIA_172.smt2, 0.005424244329333305, valid, 1
comp_LIA-nonlin/chc-LIA_094.smt2, 1.6615899037569761, valid, 1
comp_LIA-nonlin/chc-LIA_169.smt2, 0.06632562540471554, valid, 1
comp_LIA-nonlin/chc-LIA_373.smt2, 0.5876856911927462, valid, 1
comp_LIA-nonlin/chc-LIA_073.smt2, 0.07723858021199703, valid, 1
comp_LIA-nonlin/chc-LIA_417.smt2, 0.07123586721718311, valid, 1
comp_LIA-nonlin/chc-LIA_177.smt2, 0.24529118835926056, valid, 1
comp_LIA-nonlin/chc-LIA_149.smt2, 180, fail, 0
comp_LIA-nonlin/chc-LIA_150.smt2, 180, fail, 0
comp_LIA-nonlin/chc-LIA_152.smt2, 0.011605586856603622, valid, 1
comp_LIA-nonlin/chc-LIA_148.smt2, 180, fail, 0
comp_LIA-nonlin/chc-LIA_156.smt2, 0.19168181903660297, valid, 1
comp_LIA-nonlin/chc-LIA_171.smt2, 0.00701177679002285, invalid, 0
comp_LIA-nonlin/chc-LIA_104.smt2, 0.11168614216148853, invalid, 0
comp_LIA-nonlin/chc-LIA_018.smt2, 180, fail, 0
comp_LIA-nonlin/chc-LIA_119.smt2, 0.18510986119508743, invalid, 0
comp_LIA-nonlin/chc-LIA_111.smt2, 0.0766791608184576, invalid, 0
comp_LIA-nonlin/chc-LIA_166.smt2, 180, fail, 0
comp_LIA-nonlin/chc-LIA_174.smt2, 0.11977311782538891, valid, 1
comp_LIA-nonlin/chc-LIA_066.smt2, 180, fail, 0
comp_LIA-nonlin/chc-LIA_112.smt2, 180, fail, 0
comp_LIA-nonlin/chc-LIA_141.smt2, 180, fail, 0
comp_LIA-nonlin/chc-LIA_147.smt2, 180, fail, 0
comp_LIA-nonlin/chc-LIA_154.smt2, 0.04314916022121906, valid, 1
comp_LIA-nonlin/chc-LIA_410.smt2, 180, fail, 0
comp_LIA-nonlin/chc-LIA_004.smt2, 0.4330550506711006, invalid, 0
comp_LIA-nonlin/chc-LIA_102.smt2, 0.2244044654071331, invalid, 0
comp_LIA-nonlin/chc-LIA_146.smt2, 56.68614248000085, valid, 1
comp_LIA-nonlin/chc-LIA_103.smt2, 0.05687698535621166, invalid, 0
comp_LIA-nonlin/chc-LIA_096.smt2, 4.398612719029188, valid, 1
comp_LIA-nonlin/chc-LIA_020.smt2, 3.105288675054908, valid, 1
comp_LIA-nonlin/chc-LIA_378.smt2, 180, fail, 0
comp_LIA-nonlin/chc-LIA_173.smt2, 0.010142214596271515, valid, 1
comp_LIA-nonlin/chc-LIA_384.smt2, 0.2715798895806074, valid, 1
comp_LIA-nonlin/chc-LIA_393.smt2, 0.27967528626322746, valid, 1
comp_LIA-nonlin/chc-LIA_105.smt2, 0.3714603763073683, valid, 1
comp_LIA-nonlin/chc-LIA_108.smt2, 0.6109199859201908, invalid, 0
comp_LIA-nonlin/chc-LIA_098.smt2, 2.602429697290063, valid, 1
comp_LIA-nonlin/chc-LIA_420.smt2, 180, fail, 0
comp_LIA-nonlin/chc-LIA_386.smt2, 0.27644958533346653, valid, 1
comp_LIA-nonlin/chc-LIA_071.smt2, 0.22881452552974224, invalid, 0
comp_LIA-nonlin/chc-LIA_116.smt2, 6.455160040408373, valid, 1
comp_LIA-nonlin/chc-LIA_118.smt2, 180, fail, 0
comp_LIA-nonlin/chc-LIA_100.smt2, 1.2716690376400948, valid, 1
comp_LIA-nonlin/chc-LIA_120.smt2, 180, fail, 0
comp_LIA-nonlin/chc-LIA_128.smt2, 180, fail, 0
comp_LIA-nonlin/chc-LIA_113.smt2, 65.1208108458668, valid, 1
comp_LIA-nonlin/chc-LIA_143.smt2, 76.23490851558745, valid, 1
comp_LIA-nonlin/chc-LIA_114.smt2, 11.603392109274864, invalid, 0
comp_LIA-nonlin/chc-LIA_137.smt2, 87.99732606112957, valid, 1
comp_LIA-nonlin/chc-LIA_138.smt2, 49.11115691624582, valid, 1
comp_LIA-nonlin/chc-LIA_117.smt2, 11.908060217276216, invalid, 0
comp_LIA-nonlin/chc-LIA_131.smt2, 57.10884621180594, valid, 1
comp_LIA-nonlin/chc-LIA_115.smt2, 16.256943421438336, invalid, 0
comp_LIA-nonlin/chc-LIA_122.smt2, 11.623941158875823, invalid, 0
comp_LIA-nonlin/chc-LIA_097.smt2, 1.1411624941974878, valid, 1
comp_LIA-nonlin/chc-LIA_139.smt2, 180, fail, 0
comp_LIA-nonlin/chc-LIA_095.smt2, 1.126225559040904, valid, 1
comp_LIA-nonlin/chc-LIA_390.smt2, 0.312861904501915, valid, 1
comp_LIA-nonlin/chc-LIA_383.smt2, 0.03910958208143711, invalid, 0
comp_LIA-nonlin/chc-LIA_070.smt2, 0.10892793163657188, invalid, 0
comp_LIA-nonlin/chc-LIA_080.smt2, 7.893932241946459, valid, 1
comp_LIA-nonlin/chc-LIA_395.smt2, 0.5651513002812862, valid, 1
comp_LIA-nonlin/chc-LIA_021.smt2, 180, fail, 0
comp_LIA-nonlin/chc-LIA_017.smt2, 180, fail, 0
comp_LIA-nonlin/chc-LIA_157.smt2, 0.38500568456947803, valid, 1
comp_LIA-nonlin/chc-LIA_068.smt2, 22.351093135774136, valid, 1
comp_LIA-nonlin/chc-LIA_106.smt2, 0.632286973297596, invalid, 0
comp_LIA-nonlin/chc-LIA_076.smt2, 13.660130428150296, valid, 1
comp_LIA-nonlin/chc-LIA_074.smt2, 13.61035529896617, valid, 1
comp_LIA-nonlin/chc-LIA_075.smt2, 10.119558066129684, valid, 1
comp_LIA-nonlin/chc-LIA_077.smt2, 87.55852349847555, valid, 1
comp_LIA-nonlin/chc-LIA_016.smt2, 180, fail, 0
comp_LIA-nonlin/chc-LIA_163.smt2, 180, fail, 0
comp_LIA-nonlin/chc-LIA_109.smt2, 0.9710660055279732, invalid, 0
comp_LIA-nonlin/chc-LIA_380.smt2, 0.28890945948660374, valid, 1
comp_LIA-nonlin/chc-LIA_129.smt2, 180, fail, 0
comp_LIA-nonlin/chc-LIA_124.smt2, 180, fail, 0
comp_LIA-nonlin/chc-LIA_126.smt2, 180, fail, 0
comp_LIA-nonlin/chc-LIA_159.smt2, 0.6640421617776155, valid, 1
comp_LIA-nonlin/chc-LIA_134.smt2, 180, fail, 0
comp_LIA-nonlin/chc-LIA_121.smt2, 0.8558504339307547, invalid, 0
comp_LIA-nonlin/chc-LIA_127.smt2, 180, fail, 0
comp_LIA-nonlin/chc-LIA_135.smt2, 180, fail, 0
comp_LIA-nonlin/chc-LIA_023.smt2, 180, fail, 0
comp_LIA-nonlin/chc-LIA_125.smt2, 180, fail, 0
comp_LIA-nonlin/chc-LIA_123.smt2, 180, fail, 0
comp_LIA-nonlin/chc-LIA_162.smt2, 180, fail, 0
comp_LIA-nonlin/chc-LIA_145.smt2, 180, fail, 0
comp_LIA-nonlin/chc-LIA_132.smt2, 180, fail, 0
comp_LIA-nonlin/chc-LIA_136.smt2, 180, fail, 0
comp_LIA-nonlin/chc-LIA_140.smt2, 180, fail, 0
comp_LIA-nonlin/chc-LIA_130.smt2, 180, fail, 0
comp_LIA-nonlin/chc-LIA_144.smt2, 180, fail, 0
comp_LIA-nonlin/chc-LIA_142.smt2, 180, fail, 0
comp_LIA-nonlin/chc-LIA_133.smt2, 180, fail, 0
comp_LIA-nonlin/chc-LIA_012.smt2, 180, fail, 0
comp_LIA-nonlin/chc-LIA_087.smt2, 180, fail, 0
comp_LIA-nonlin/chc-LIA_022.smt2, 180, fail, 0
comp_LIA-nonlin/chc-LIA_030.smt2, 180, fail, 0
comp_LIA-nonlin/chc-LIA_155.smt2, 0.1302109006792307, valid, 1
comp_LIA-nonlin/chc-LIA_197.smt2, 0.030016668140888214, valid, 1
comp_LIA-nonlin/chc-LIA_203.smt2, 0.08794132806360722, invalid, 0
comp_LIA-nonlin/chc-LIA_031.smt2, 180, fail, 0
comp_LIA-nonlin/chc-LIA_045.smt2, 180, fail, 0
comp_LIA-nonlin/chc-LIA_176.smt2, 180, fail, 0
comp_LIA-nonlin/chc-LIA_201.smt2, 0.026119686663150787, invalid, 0
comp_LIA-nonlin/chc-LIA_036.smt2, 180, fail, 0
comp_LIA-nonlin/chc-LIA_019.smt2, 180, fail, 0
comp_LIA-nonlin/chc-LIA_015.smt2, 180, fail, 0
comp_LIA-nonlin/chc-LIA_161.smt2, 180, fail, 0
comp_LIA-nonlin/chc-LIA_092.smt2, 180, fail, 0
comp_LIA-nonlin/chc-LIA_088.smt2, 180, fail, 0
comp_LIA-nonlin/chc-LIA_014.smt2, 180, fail, 0
comp_LIA-nonlin/chc-LIA_085.smt2, 180, fail, 0
comp_LIA-nonlin/chc-LIA_091.smt2, 164.91996460966766, valid, 1
comp_LIA-nonlin/chc-LIA_213.smt2, 0.1860320121049881, invalid, 0
comp_LIA-nonlin/chc-LIA_083.smt2, 180, fail, 0
comp_LIA-nonlin/chc-LIA_013.smt2, 180, fail, 0
comp_LIA-nonlin/chc-LIA_394.smt2, 2.631916254758835, valid, 1
comp_LIA-nonlin/chc-LIA_090.smt2, 180, fail, 0
comp_LIA-nonlin/chc-LIA_168.smt2, 180, fail, 0
comp_LIA-nonlin/chc-LIA_160.smt2, 22.97963090054691, valid, 1
comp_LIA-nonlin/chc-LIA_387.smt2, 2.311651399359107, valid, 1
comp_LIA-nonlin/chc-LIA_310.smt2, 180, fail, 0
comp_LIA-nonlin/chc-LIA_200.smt2, 0.25458215922117233, valid, 1
comp_LIA-nonlin/chc-LIA_089.smt2, 128.6525233183056, valid, 1
comp_LIA-nonlin/chc-LIA_382.smt2, 1.8273384124040604, valid, 1
comp_LIA-nonlin/chc-LIA_210.smt2, 0.26642029732465744, valid, 1
comp_LIA-nonlin/chc-LIA_046.smt2, 180, fail, 0
comp_LIA-nonlin/chc-LIA_043.smt2, 180, fail, 0
comp_LIA-nonlin/chc-LIA_381.smt2, 0.1655322127044201, invalid, 0
comp_LIA-nonlin/chc-LIA_198.smt2, 0.23884779959917068, valid, 1
comp_LIA-nonlin/chc-LIA_047.smt2, 180, fail, 0
comp_LIA-nonlin/chc-LIA_385.smt2, 1.0920195821672678, valid, 1
comp_LIA-nonlin/chc-LIA_219.smt2, 0.11357487365603447, valid, 1
comp_LIA-nonlin/chc-LIA_035.smt2, 180, fail, 0
comp_LIA-nonlin/chc-LIA_029.smt2, 180, fail, 0
comp_LIA-nonlin/chc-LIA_037.smt2, 180, fail, 0
comp_LIA-nonlin/chc-LIA_086.smt2, 180, fail, 0
comp_LIA-nonlin/chc-LIA_093.smt2, 180, fail, 0
comp_LIA-nonlin/chc-LIA_217.smt2, 0.3030812796205282, invalid, 0
comp_LIA-nonlin/chc-LIA_392.smt2, 0.15531166829168797, invalid, 0
comp_LIA-nonlin/chc-LIA_024.smt2, 1.1020907927304506, valid, 1
comp_LIA-nonlin/chc-LIA_214.smt2, 2.0332513879984617, invalid, 0
comp_LIA-nonlin/chc-LIA_337.smt2, 180, fail, 0
comp_LIA-nonlin/chc-LIA_216.smt2, 0.0648824293166399, valid, 1
comp_LIA-nonlin/chc-LIA_027.smt2, 5.929712800309062, valid, 1
comp_LIA-nonlin/chc-LIA_069.smt2, 3.6092158053070307, invalid, 0
comp_LIA-nonlin/chc-LIA_082.smt2, 180, fail, 0
comp_LIA-nonlin/chc-LIA_040.smt2, 180, fail, 0
comp_LIA-nonlin/chc-LIA_081.smt2, 66.98773392476141, valid, 1
comp_LIA-nonlin/chc-LIA_196.smt2, 0.8894961252808571, invalid, 0
comp_LIA-nonlin/chc-LIA_039.smt2, 180, fail, 0
comp_LIA-nonlin/chc-LIA_028.smt2, 180, fail, 0
comp_LIA-nonlin/chc-LIA_034.smt2, 180, fail, 0
comp_LIA-nonlin/chc-LIA_199.smt2, 0.2722427062690258, invalid, 0
comp_LIA-nonlin/chc-LIA_042.smt2, 180, fail, 0
comp_LIA-nonlin/chc-LIA_044.smt2, 180, fail, 0
comp_LIA-nonlin/chc-LIA_025.smt2, 1.0688675660640001, invalid, 0
comp_LIA-nonlin/chc-LIA_026.smt2, 2.3096357882022858, valid, 1
comp_LIA-nonlin/chc-LIA_188.smt2, 3.762811915948987, invalid, 0
comp_LIA-nonlin/chc-LIA_190.smt2, 0.19031508639454842, invalid, 0
comp_LIA-nonlin/chc-LIA_032.smt2, 180, fail, 0
comp_LIA-nonlin/chc-LIA_033.smt2, 180, fail, 0
comp_LIA-nonlin/chc-LIA_038.smt2, 180, fail, 0
comp_LIA-nonlin/chc-LIA_218.smt2, 0.18734155036509037, invalid, 0
comp_LIA-nonlin/chc-LIA_195.smt2, 0.4621699992567301, invalid, 0
comp_LIA-nonlin/chc-LIA_193.smt2, 0.22006277740001678, invalid, 0
comp_LIA-nonlin/chc-LIA_388.smt2, 0.1956358402967453, valid, 1
comp_LIA-nonlin/chc-LIA_302.smt2, 122.31795177794993, invalid, 0
comp_LIA-nonlin/chc-LIA_215.smt2, 4.670328348875046, invalid, 0
comp_LIA-nonlin/chc-LIA_256.smt2, 9.447630789130926, invalid, 0
comp_LIA-nonlin/chc-LIA_220.smt2, 0.33561136573553085, valid, 1
comp_LIA-nonlin/chc-LIA_205.smt2, 0.50837860442698, invalid, 0
comp_LIA-nonlin/chc-LIA_409.smt2, 13.90167666785419, valid, 1
comp_LIA-nonlin/chc-LIA_167.smt2, 94.11405309475958, valid, 1
comp_LIA-nonlin/chc-LIA_185.smt2, 1.7259967364370823, valid, 1
comp_LIA-nonlin/chc-LIA_403.smt2, 15.734355982393026, valid, 1
comp_LIA-nonlin/chc-LIA_399.smt2, 15.841266494244337, valid, 1
comp_LIA-nonlin/chc-LIA_211.smt2, 2.6495355777442455, valid, 1
comp_LIA-nonlin/chc-LIA_186.smt2, 0.38877525366842747, valid, 1
comp_LIA-nonlin/chc-LIA_402.smt2, 12.520909283310175, valid, 1
comp_LIA-nonlin/chc-LIA_228.smt2, 7.794084273278713, valid, 1
comp_LIA-nonlin/chc-LIA_408.smt2, 11.750803094357252, valid, 1
comp_LIA-nonlin/chc-LIA_413.smt2, 9.175697922706604, valid, 1
comp_LIA-nonlin/chc-LIA_391.smt2, 7.589036611840129, invalid, 0
comp_LIA-nonlin/chc-LIA_194.smt2, 0.674656642600894, invalid, 0
comp_LIA-nonlin/chc-LIA_404.smt2, 13.444345088675618, valid, 1
comp_LIA-nonlin/chc-LIA_415.smt2, 16.158643489703536, valid, 1
comp_LIA-nonlin/chc-LIA_412.smt2, 14.46925294212997, valid, 1
comp_LIA-nonlin/chc-LIA_191.smt2, 2.989482671022415, invalid, 0
comp_LIA-nonlin/chc-LIA_041.smt2, 180, fail, 0
comp_LIA-nonlin/chc-LIA_411.smt2, 26.469752045348287, valid, 1
comp_LIA-nonlin/chc-LIA_407.smt2, 16.731500459834933, invalid, 0
comp_LIA-nonlin/chc-LIA_207.smt2, 0.4009015765041113, invalid, 0
comp_LIA-nonlin/chc-LIA_414.smt2, 20.07764932885766, valid, 1
comp_LIA-nonlin/chc-LIA_192.smt2, 0.5673435367643833, invalid, 0
comp_LIA-nonlin/chc-LIA_212.smt2, 2.5517184529453516, valid, 1
comp_LIA-nonlin/chc-LIA_187.smt2, 1.5059859976172447, valid, 1
comp_LIA-nonlin/chc-LIA_206.smt2, 0.6812815852463245, invalid, 0
comp_LIA-nonlin/chc-LIA_253.smt2, 8.35714546404779, invalid, 0
comp_LIA-nonlin/chc-LIA_255.smt2, 5.3452667482197285, invalid, 0
comp_LIA-nonlin/chc-LIA_208.smt2, 1.943419286981225, valid, 1
comp_LIA-nonlin/chc-LIA_202.smt2, 1.8601952381432056, invalid, 0
comp_LIA-nonlin/chc-LIA_225.smt2, 7.185937961563468, valid, 1
comp_LIA-nonlin/chc-LIA_406.smt2, 30.340378507971764, valid, 1
comp_LIA-nonlin/chc-LIA_396.smt2, 0.7030109316110611, valid, 1
comp_LIA-nonlin/chc-LIA_397.smt2, 2.162925409153104, valid, 1
comp_LIA-nonlin/chc-LIA_400.smt2, 15.854659141972661, valid, 1
comp_LIA-nonlin/chc-LIA_257.smt2, 2.4297593999654055, valid, 1
comp_LIA-nonlin/chc-LIA_227.smt2, 4.613944010809064, valid, 1
comp_LIA-nonlin/chc-LIA_398.smt2, 14.750681845471263, valid, 1
comp_LIA-nonlin/chc-LIA_209.smt2, 1.8391552083194256, valid, 1
comp_LIA-nonlin/chc-LIA_305.smt2, 41.18077143467963, invalid, 0
comp_LIA-nonlin/chc-LIA_204.smt2, 1.321003720164299, invalid, 0
comp_LIA-nonlin/chc-LIA_405.smt2, 41.626380214467645, valid, 1
comp_LIA-nonlin/chc-LIA_234.smt2, 14.996215831488371, invalid, 0
comp_LIA-nonlin/chc-LIA_269.smt2, 43.18622704036534, invalid, 0
comp_LIA-nonlin/chc-LIA_237.smt2, 29.161398231983185, invalid, 0
comp_LIA-nonlin/chc-LIA_422.smt2, 133.37474168650806, valid, 1
comp_LIA-nonlin/chc-LIA_421.smt2, 57.425390016287565, valid, 1
comp_LIA-nonlin/chc-LIA_248.smt2, 8.752475248649716, invalid, 0
comp_LIA-nonlin/chc-LIA_267.smt2, 180, fail, 0
comp_LIA-nonlin/chc-LIA_297.smt2, 180, fail, 0
comp_LIA-nonlin/chc-LIA_238.smt2, 18.003199383616447, invalid, 0
comp_LIA-nonlin/chc-LIA_229.smt2, 17.6538541726768, invalid, 0
comp_LIA-nonlin/chc-LIA_427.smt2, 48.961490934714675, invalid, 0
comp_LIA-nonlin/chc-LIA_355.smt2, 179.31559997051954, invalid, 0
comp_LIA-nonlin/chc-LIA_262.smt2, 50.854506423696876, invalid, 0
comp_LIA-nonlin/chc-LIA_235.smt2, 7.870018787682056, invalid, 0
comp_LIA-nonlin/chc-LIA_374.smt2, 18.81573106907308, invalid, 0
comp_LIA-nonlin/chc-LIA_252.smt2, 7.523006496950984, valid, 1
comp_LIA-nonlin/chc-LIA_189.smt2, 3.4700360149145126, invalid, 0
comp_LIA-nonlin/chc-LIA_243.smt2, 180, fail, 0
comp_LIA-nonlin/chc-LIA_343.smt2, 40.095655320212245, valid, 1
comp_LIA-nonlin/chc-LIA_258.smt2, 29.496619334444404, valid, 1
comp_LIA-nonlin/chc-LIA_233.smt2, 19.07726832292974, valid, 1
comp_LIA-nonlin/chc-LIA_331.smt2, 180, fail, 0
comp_LIA-nonlin/chc-LIA_249.smt2, 5.2325658686459064, invalid, 0
comp_LIA-nonlin/chc-LIA_232.smt2, 18.970404775813222, valid, 1
comp_LIA-nonlin/chc-LIA_352.smt2, 113.48490210063756, invalid, 0
comp_LIA-nonlin/chc-LIA_226.smt2, 22.49142749607563, valid, 1
comp_LIA-nonlin/chc-LIA_324.smt2, 32.22174394503236, invalid, 0
comp_LIA-nonlin/chc-LIA_289.smt2, 52.769899725914, valid, 1
comp_LIA-nonlin/chc-LIA_241.smt2, 26.756989868357778, valid, 1
comp_LIA-nonlin/chc-LIA_340.smt2, 180, fail, 0
comp_LIA-nonlin/chc-LIA_274.smt2, 54.765399070456624, invalid, 0
comp_LIA-nonlin/chc-LIA_344.smt2, 141.24776809290051, invalid, 0
comp_LIA-nonlin/chc-LIA_342.smt2, 180, fail, 0
comp_LIA-nonlin/chc-LIA_298.smt2, 175.72996811382473, valid, 1
comp_LIA-nonlin/chc-LIA_254.smt2, 11.017013862729073, invalid, 0
comp_LIA-nonlin/chc-LIA_361.smt2, 180, fail, 0
comp_LIA-nonlin/chc-LIA_353.smt2, 69.37488519959152, invalid, 0
comp_LIA-nonlin/chc-LIA_261.smt2, 68.9221574626863, invalid, 0
comp_LIA-nonlin/chc-LIA_379.smt2, 180, fail, 0
comp_LIA-nonlin/chc-LIA_221.smt2, 52.215766502544284, valid, 1
comp_LIA-nonlin/chc-LIA_290.smt2, 180, fail, 0
comp_LIA-nonlin/chc-LIA_318.smt2, 56.283015543594956, invalid, 0
comp_LIA-nonlin/chc-LIA_251.smt2, 8.555864661931992, invalid, 0
comp_LIA-nonlin/chc-LIA_231.smt2, 11.457814512774348, invalid, 0
comp_LIA-nonlin/chc-LIA_230.smt2, 65.20255878940225, valid, 1
comp_LIA-nonlin/chc-LIA_245.smt2, 59.479376677423716, valid, 1
comp_LIA-nonlin/chc-LIA_242.smt2, 63.8860630299896, valid, 1
comp_LIA-nonlin/chc-LIA_319.smt2, 107.64539045840502, invalid, 0
comp_LIA-nonlin/chc-LIA_247.smt2, 12.817450501024723, invalid, 0
comp_LIA-nonlin/chc-LIA_250.smt2, 38.9832836445421, invalid, 0
comp_LIA-nonlin/chc-LIA_354.smt2, 180, fail, 0
comp_LIA-nonlin/chc-LIA_223.smt2, 67.00023135729134, valid, 1
comp_LIA-nonlin/chc-LIA_263.smt2, 135.256920222193, invalid, 0
comp_LIA-nonlin/chc-LIA_332.smt2, 180, fail, 0
comp_LIA-nonlin/chc-LIA_279.smt2, 95.88917520456016, invalid, 0
comp_LIA-nonlin/chc-LIA_222.smt2, 52.55670513026416, valid, 1
comp_LIA-nonlin/chc-LIA_260.smt2, 180, fail, 0
comp_LIA-nonlin/chc-LIA_351.smt2, 20.58985927887261, invalid, 0
comp_LIA-nonlin/chc-LIA_224.smt2, 69.809954168275, invalid, 0
comp_LIA-nonlin/chc-LIA_336.smt2, 132.26860213279724, invalid, 0
comp_LIA-nonlin/chc-LIA_323.smt2, 22.536331988871098, invalid, 0
comp_LIA-nonlin/chc-LIA_357.smt2, 84.29845784977078, valid, 1
comp_LIA-nonlin/chc-LIA_246.smt2, 76.88273454271257, valid, 1
comp_LIA-nonlin/chc-LIA_333.smt2, 123.76476818323135, invalid, 0
comp_LIA-nonlin/chc-LIA_236.smt2, 21.524168021976948, invalid, 0
comp_LIA-nonlin/chc-LIA_283.smt2, 113.29645562171936, invalid, 0
comp_LIA-nonlin/chc-LIA_360.smt2, 25.308974975720048, invalid, 0
comp_LIA-nonlin/chc-LIA_327.smt2, 180, fail, 0
comp_LIA-nonlin/chc-LIA_292.smt2, 97.92315595410764, invalid, 0
comp_LIA-nonlin/chc-LIA_321.smt2, 180, fail, 0
comp_LIA-nonlin/chc-LIA_282.smt2, 180, fail, 0
comp_LIA-nonlin/chc-LIA_275.smt2, 24.753335040062666, invalid, 0
comp_LIA-nonlin/chc-LIA_339.smt2, 99.58925383724272, valid, 1
comp_LIA-nonlin/chc-LIA_259.smt2, 180, fail, 0
comp_LIA-nonlin/chc-LIA_264.smt2, 104.43518885970116, invalid, 0
comp_LIA-nonlin/chc-LIA_315.smt2, 87.39177704416215, invalid, 0
comp_LIA-nonlin/chc-LIA_347.smt2, 180, fail, 0
comp_LIA-nonlin/chc-LIA_276.smt2, 180, fail, 0
comp_LIA-nonlin/chc-LIA_288.smt2, 99.78136045485735, invalid, 0
comp_LIA-nonlin/chc-LIA_320.smt2, 180, fail, 0
comp_LIA-nonlin/chc-LIA_314.smt2, 180, fail, 0
comp_LIA-nonlin/chc-LIA_277.smt2, 148.344517827034, invalid, 0
comp_LIA-nonlin/chc-LIA_359.smt2, 180, fail, 0
comp_LIA-nonlin/chc-LIA_346.smt2, 50.693472949787974, invalid, 0
comp_LIA-nonlin/chc-LIA_295.smt2, 180, fail, 0
comp_LIA-nonlin/chc-LIA_304.smt2, 180, fail, 0
comp_LIA-nonlin/chc-LIA_345.smt2, 180, fail, 0
comp_LIA-nonlin/chc-LIA_286.smt2, 180, fail, 0
comp_LIA-nonlin/chc-LIA_280.smt2, 180, fail, 0
comp_LIA-nonlin/chc-LIA_296.smt2, 180, fail, 0
comp_LIA-nonlin/chc-LIA_240.smt2, 24.73422517813742, valid, 1
comp_LIA-nonlin/chc-LIA_307.smt2, 180, fail, 0
comp_LIA-nonlin/chc-LIA_335.smt2, 180, fail, 0
comp_LIA-nonlin/chc-LIA_294.smt2, 180, fail, 0
comp_LIA-nonlin/chc-LIA_306.smt2, 180, fail, 0
comp_LIA-nonlin/chc-LIA_358.smt2, 180, fail, 0
comp_LIA-nonlin/chc-LIA_287.smt2, 180, fail, 0
comp_LIA-nonlin/chc-LIA_316.smt2, 180, fail, 0
comp_LIA-nonlin/chc-LIA_273.smt2, 180, fail, 0
comp_LIA-nonlin/chc-LIA_271.smt2, 180, fail, 0
comp_LIA-nonlin/chc-LIA_311.smt2, 180, fail, 0
comp_LIA-nonlin/chc-LIA_317.smt2, 179.98731357604265, invalid, 0
comp_LIA-nonlin/chc-LIA_356.smt2, 180, fail, 0
comp_LIA-nonlin/chc-LIA_299.smt2, 180, fail, 0
comp_LIA-nonlin/chc-LIA_328.smt2, 180, fail, 0
comp_LIA-nonlin/chc-LIA_281.smt2, 54.96186275780201, valid, 1
comp_LIA-nonlin/chc-LIA_322.smt2, 149.0828691571951, invalid, 0
comp_LIA-nonlin/chc-LIA_334.smt2, 180, fail, 0
comp_LIA-nonlin/chc-LIA_265.smt2, 180, fail, 0
comp_LIA-nonlin/chc-LIA_285.smt2, 180, fail, 0
comp_LIA-nonlin/chc-LIA_362.smt2, 69.82794788852334, invalid, 0
comp_LIA-nonlin/chc-LIA_326.smt2, 92.37394464574754, invalid, 0
comp_LIA-nonlin/chc-LIA_325.smt2, 101.18405944481492, invalid, 0
comp_LIA-nonlin/chc-LIA_308.smt2, 99.41608571261168, invalid, 0
comp_LIA-nonlin/chc-LIA_244.smt2, 78.08180493675172, valid, 1
comp_LIA-nonlin/chc-LIA_312.smt2, 132.6091401334852, valid, 1
comp_LIA-nonlin/chc-LIA_364.smt2, 112.07592160440981, invalid, 0
comp_LIA-nonlin/chc-LIA_239.smt2, 180, fail, 0
comp_LIA-nonlin/chc-LIA_363.smt2, 123.57103606685996, invalid, 0
comp_LIA-nonlin/chc-LIA_338.smt2, 118.85885495506227, invalid, 0
comp_LIA-nonlin/chc-LIA_291.smt2, 180, fail, 0
comp_LIA-nonlin/chc-LIA_272.smt2, 180, fail, 0
comp_LIA-nonlin/chc-LIA_303.smt2, 180, fail, 0
comp_LIA-nonlin/chc-LIA_349.smt2, 180, fail, 0
comp_LIA-nonlin/chc-LIA_341.smt2, 180, fail, 0
comp_LIA-nonlin/chc-LIA_329.smt2, 180, fail, 0
comp_LIA-nonlin/chc-LIA_268.smt2, 180, fail, 0
comp_LIA-nonlin/chc-LIA_301.smt2, 180, fail, 0
comp_LIA-nonlin/chc-LIA_270.smt2, 180, fail, 0
comp_LIA-nonlin/chc-LIA_266.smt2, 180, fail, 0
comp_LIA-nonlin/chc-LIA_350.smt2, 180, fail, 0
comp_LIA-nonlin/chc-LIA_309.smt2, 180, fail, 0
comp_LIA-nonlin/chc-LIA_278.smt2, 180, fail, 0
comp_LIA-nonlin/chc-LIA_348.smt2, 180, fail, 0
comp_LIA-nonlin/chc-LIA_330.smt2, 180, fail, 0
comp_LIA-nonlin/chc-LIA_284.smt2, 180, fail, 0
comp_LIA-nonlin/chc-LIA_293.smt2, 180, fail, 0
comp_LIA-nonlin/chc-LIA_300.smt2, 180, fail, 0
comp_LIA-nonlin/chc-LIA_313.smt2, 180, fail, 0
